BUGID,ROLD-DATE,RFIX-DATE,FIXER,INDUCERS
40064,2004-11-27 08:07:44,2007-03-12 15:05:50,Joe Orton,Justin Erenkrantz;
42005,1999-08-24 06:46:03,2007-07-20 01:26:55,Nick Kew,Doug MacEachern;Roy T. Fielding;Andre Malo;Ian Holsman;Ryan Bloom;Jeff Trawick;Ralf S. Engelschall;William A. Rowe Jr;Paul Querna;Aaron Bannert;Bradley Nicholes;Justin Erenkrantz;
45994,2004-08-18 22:18:39,2008-12-16 14:08:19,Paul J. Reder,Graham Leggett;Bradley Nicholes;
9187,2000-12-16 12:54:53,2002-05-17 18:24:07,Brian Pane,Richard Bowen;Jeff Trawick;
47935,2008-03-12 15:42:52,2010-11-04 15:37:28,Eric Covener,Joshua Slive;
55320,2014-04-29 23:28:11,2014-05-14 15:54:38,Yann Ylavic,Yann Ylavic;
32443,2001-06-29 22:22:19,2005-01-19 11:05:57,Joe Orton,Joe Orton;Victor J. Orlikowski;
28174,2001-03-04 06:27:27,2004-04-10 21:44:43,Andre Malo,Ryan Bloom;William A. Rowe Jr;
30022,2000-10-14 23:18:52,2006-06-22 07:03:29,William A. Rowe Jr,William A. Rowe Jr;
55329,2006-04-22 03:44:05,2014-12-20 18:45:23,Eric Covener,Garrett Rooney;Jim Jagielski;Jeff Trawick;Jean-Frederic Clere;
40054,2001-07-19 04:39:17,2008-05-12 21:24:26,Roy T. Fielding,William A. Rowe Jr;
46830,2001-03-04 06:27:27,2011-03-16 16:45:25,Daniel Earl Poirier,Joshua Slive;Andre Malo;Ryan Bloom;Richard Bowen;Ken Coar;Nick Kew;
25917,1999-08-24 06:55:44,2007-08-01 18:39:04,Andre Malo,Roy T. Fielding;Erik Abele;Joshua Slive;Andre Malo;Richard Bowen;Ruediger Pluem;Noirin Plunkett;
43562,2008-03-07 21:02:41,2008-03-11 14:39:14,Jim Jagielski,Eric Covener;
41144,1999-08-24 06:55:44,2007-08-01 00:58:20,Nick Kew,Roy T. Fielding;Ian Holsman;Ryan Bloom;Nick Kew;
41148,2002-11-14 16:24:53,2007-07-31 20:21:45,Joshua Slive,Joshua Slive;
46837,2000-08-02 05:27:38,2009-03-12 09:29:53,Ruediger Pluem,Doug MacEachern;
45747,2002-02-26 19:00:40,2008-09-05 03:26:14,Takashi Sato,Joshua Slive;
33765,2001-10-01 19:19:45,2005-02-28 14:28:08,Joe Orton,Cliff Woolley;Bradley Nicholes;
10424,2001-09-22 19:39:26,2002-07-02 21:51:24,Jeff Trawick,Richard Bowen;
21523,2001-11-21 22:26:07,2003-08-19 12:26:38,Andre Malo,Justin Erenkrantz;
43555,2005-12-11 20:40:56,2007-10-05 21:22:07,Vincent Bray,Richard Bowen;
44402,2003-01-03 18:35:08,2008-02-22 22:58:42,Nick Kew,Brian Pane;Nick Kew;Paul Querna;
43310,2001-08-16 14:05:00,2007-10-29 01:25:16,Jim Jagielski,Ryan Bloom;
57524,2013-09-11 20:50:46,2015-02-04 14:33:51,Eric Covener,Daniel Gruno;
54015,2002-11-18 00:50:15,2013-05-21 19:26:10,Christophe Jaillet,Andre Malo;
29003,1999-08-24 06:55:44,2004-06-04 22:40:47,Andre Malo,Roy T. Fielding;Joe Orton;
34607,2001-05-04 21:54:25,2008-01-11 16:04:26,Guenter Knauf,Doug MacEachern;Ben Laurie;Ralf S. Engelschall;
23713,1999-08-24 05:34:15,2003-10-10 03:50:58,Cliff Woolley,Roy T. Fielding;
41120,2002-11-14 20:22:50,2009-01-04 23:58:57,Nick Kew,Jeff Trawick;Nick Kew;
23956,2001-05-04 21:54:25,2003-11-25 13:10:09,Joe Orton,Doug MacEachern;Ralf S. Engelschall;
39045,2004-08-17 23:33:07,2008-09-09 00:52:03,Nick Kew,Bradley Nicholes;
43786,2004-08-18 22:18:39,2007-11-02 22:33:36,Eric Covener,Bradley Nicholes;
40030,2002-03-04 20:57:06,2006-08-22 17:07:54,Joshua Slive,Joshua Slive;
24805,1999-08-24 06:46:03,2003-12-13 22:18:13,Jeff Trawick,Roy T. Fielding;Doug MacEachern;Ryan Bloom;Jeff Trawick;
45722,2001-08-01 01:58:24,2010-11-04 22:36:37,Eric Covener,William A. Rowe Jr;
17274,2001-10-16 21:29:07,2004-05-20 22:41:25,Graham Leggett,Ryan Bloom;William A. Rowe Jr;Bradley Nicholes;
57771,2002-11-11 23:07:29,2016-08-27 23:15:11,Eric Covener,Sander Striker;Eric Covener;Jeff Trawick;Andreas Steinmetz;
40037,2003-03-24 08:51:22,2007-09-24 01:58:50,Nick Kew,Martin Kraemer;
21539,2002-08-15 23:24:34,2003-07-12 22:33:49,Erik Abele,Joshua Slive;
43789,2005-02-02 19:32:18,2007-11-04 11:20:11,Ruediger Pluem,Eric Covener;Jim Jagielski;
24801,2001-10-16 21:29:07,2004-05-23 22:15:10,Graham Leggett,Ryan Bloom;Bradley Nicholes;
56687,2011-01-13 15:58:50,2015-09-18 16:43:25,Yann Ylavic,Stefan Fritsch;Jim Jagielski;
13914,1999-11-19 20:22:51,2002-11-22 14:45:19,Jeff Trawick,Ryan Bloom;
32652,2001-05-04 21:54:25,2012-02-28 06:01:23,Kaspar Brand,Doug MacEachern;Sander Temme;Kaspar Brand;Stefan Fritsch;Joe Orton;Jeff Trawick;Ralf S. Engelschall;Ruediger Pluem;
10880,1999-08-24 06:55:44,2003-03-02 17:15:43,Andre Malo,Roy T. Fielding;Cliff Woolley;Andre Malo;William A. Rowe Jr;Ken Coar;
10644,1999-08-24 06:55:44,2002-08-21 19:47:15,Jeff Trawick,Doug MacEachern;Roy T. Fielding;Greg Stein;
34834,1999-08-24 06:46:03,2005-05-24 17:25:41,Paul Querna,Roy T. Fielding;
42203,2004-05-25 20:16:19,2011-07-17 08:52:35,Stefan Fritsch,Andre Malo;
58871,2015-06-30 15:26:16,2016-01-19 12:42:34,Stefan Eissing,Jim Jagielski;Stefan Eissing;
54030,2009-04-01 12:07:47,2012-12-26 10:54:54,Kaspar Brand,Stefan Fritsch;Ruediger Pluem;
55360,1999-08-24 06:46:03,2013-08-05 20:24:39,Jeff Trawick,Roy T. Fielding;Dirk-Willem van Gulik;Ryan Bloom;Jeff Trawick;Brian Pane;
20414,2002-03-04 21:24:05,2012-06-24 13:13:10,Daniel Gruno,Daniel Gruno;Joshua Slive;Andre Malo;Eric Covener;
20656,2001-11-26 16:27:01,2004-02-16 17:57:26,Jeff Trawick,Ian Holsman;
56214,2001-08-20 21:51:16,2014-06-15 13:45:25,Richard Bowen,Joshua Slive;Richard Bowen;
56216,2009-10-04 19:39:38,2014-03-23 18:59:37,Eric Covener,Stefan Fritsch;Jim Jagielski;
55121,2001-09-18 22:13:59,2013-06-25 11:45:19,Jeff Trawick,Justin Erenkrantz;
10617,2000-10-28 15:17:41,2002-07-10 11:58:37,Jeff Trawick,Jeff Trawick;
58872,2004-04-24 12:05:26,2016-01-15 21:41:12,Christophe Jaillet,Nilgun Belma Buguner;Andre Malo;Christophe Jaillet;
17006,2001-09-22 19:39:26,2003-02-13 20:53:02,Erik Abele,Richard Bowen;
50913,2006-04-22 03:44:05,2011-04-01 19:25:23,Jim Jagielski,Garrett Rooney;
50919,2004-01-01 15:39:30,2013-01-06 18:08:46,Christophe Jaillet,Ben Laurie;
59970,2002-07-29 05:06:20,2016-08-29 23:56:16,Jacob Champion,Igor Galić;William A. Rowe Jr;Jeff Trawick;
18348,2002-03-20 13:57:08,2004-05-05 15:30:53,Joe Orton,Jeff Trawick;
7803,2000-01-11 13:11:13,2002-06-15 04:41:52,Ryan Bloom,Sander Striker;Sascha Schumann;Ryan Bloom;Jeff Trawick;Aaron Bannert;
19439,2002-06-23 06:06:25,2007-09-27 15:21:12,Nick Kew,William A. Rowe Jr;
20874,2005-04-09 16:59:15,2005-06-13 12:49:58,Joe Orton,Joshua Slive;
23902,2000-10-18 23:06:10,2004-01-10 22:56:31,Erik Abele,Ryan Bloom;Lars Eilebrecht;
43512,2006-07-29 13:24:37,2007-09-29 15:43:08,Nick Kew,Ruediger Pluem;
41334,2002-12-15 22:00:55,2007-07-26 20:51:23,Tony Stevenson,Astrid Kessler;Andre Malo;
40243,2012-10-07 09:02:19,2012-10-07 09:10:14,Stefan Fritsch,Stefan Fritsch;
17462,1999-08-24 06:55:44,2003-03-01 18:35:50,Andre Malo,Roy T. Fielding;Doug MacEachern;Greg Stein;Andre Malo;Jeff Trawick;William A. Rowe Jr;
16134,2000-06-28 08:55:58,2003-02-17 06:12:42,Justin Erenkrantz,Greg Stein;Jeff Trawick;
15045,2002-02-19 18:15:15,2002-12-08 00:42:11,Andre Malo,Erik Abele;Joshua Slive;Andre Malo;
40004,2002-02-15 18:02:19,2007-08-01 18:50:43,Joshua Slive,Erik Abele;Joshua Slive;Ruediger Pluem;Noirin Plunkett;
44845,2004-11-06 23:36:08,2008-04-21 15:37:55,Ruediger Pluem,Andre Malo;
7818,2000-05-05 23:28:20,2002-04-16 08:49:03,Justin Erenkrantz,Ryan Bloom;Brian Pane;
56233,2007-11-29 11:18:40,2014-03-30 19:25:20,Yann Ylavic,Kaspar Brand;Joe Orton;
7810,2000-10-31 00:47:24,2002-05-26 22:10:55,Justin Erenkrantz,Ryan Bloom;Jeff Trawick;
16137,2001-04-13 15:51:33,2007-10-02 00:39:43,Nick Kew,Graham Leggett;Ian Holsman;
7812,2001-08-16 13:59:14,2002-04-08 16:57:06,Jeff Trawick,Jeff Trawick;Brian Pane;
16142,1999-08-24 06:46:03,2013-05-07 13:42:31,Graham Leggett,Sander Striker;Roy T. Fielding;Graham Leggett;Greg Stein;Bill Stoddard;Ryan Bloom;Ruediger Pluem;Justin Erenkrantz;
39243,2004-02-28 18:06:35,2008-12-12 20:20:40,Joe Orton,Joe Orton;
37064,1999-08-26 17:22:35,2007-11-19 21:08:19,Ruediger Pluem,Roy T. Fielding;
40470,2000-10-02 15:38:59,2007-01-03 22:53:43,William A. Rowe Jr,William A. Rowe Jr;Jeff Trawick;
17236,2002-08-15 15:47:10,2004-03-23 15:42:45,Joshua Slive,Erik Abele;Richard Bowen;
39245,2004-03-11 17:21:47,2007-04-12 15:07:11,Jeff Trawick,Joe Orton;Jim Jagielski;
39487,1999-08-24 06:46:03,2006-11-22 11:48:55,Joe Orton,Roy T. Fielding;William A. Rowe Jr;Bradley Nicholes;
40476,1999-08-24 06:46:03,2006-10-24 14:16:01,Joe Orton,Roy T. Fielding;William A. Rowe Jr;Aaron Bannert;
15057,2001-05-04 21:54:25,2004-01-12 10:51:44,Joe Orton,Doug MacEachern;Ralf S. Engelschall;
42891,2004-08-17 23:33:07,2007-07-27 20:34:41,Paul J. Reder,Joe Orton;Bradley Nicholes;
40232,2004-11-27 08:07:44,2006-12-07 20:01:07,Ruediger Pluem,Justin Erenkrantz;
44838,2007-08-01 15:21:31,2011-01-05 22:39:47,Eric Covener,Joshua Slive;Eric Covener;Richard Bowen;
56241,2001-05-04 21:54:25,2014-04-05 12:57:43,Kaspar Brand,Doug MacEachern;Guenter Knauf;Kaspar Brand;Ralf S. Engelschall;
43509,1999-08-24 06:55:44,2007-09-28 18:50:57,Nick Kew,Roy T. Fielding;Doug MacEachern;Graham Leggett;
29216,2004-08-18 22:18:39,2004-10-03 16:24:53,Graham Leggett,Bradley Nicholes;
42898,2002-02-15 18:02:19,2007-07-23 19:23:24,Vincent Bray,Yoshiki Hayashi;Joshua Slive;Andre Malo;Vincent Bray;Ruediger Pluem;Noirin Plunkett;
56480,2000-06-28 08:55:58,2014-06-13 08:34:05,Ben Reser,Greg Stein;William A. Rowe Jr;Ben Reser;
55397,2000-06-28 08:55:58,2013-10-06 01:08:51,Ben Reser,Greg Stein;
28125,2003-07-26 20:32:24,2004-04-03 20:29:37,Andre Malo,Andre Malo;
58666,2001-05-04 21:54:25,2015-12-04 13:04:59,Stefan Eissing,Joe Orton;Ralf S. Engelschall;William A. Rowe Jr;Rainer Jung;
29696,2002-05-12 08:09:13,2004-06-20 13:08:06,Jeff Trawick,Brian Pane;
7822,2001-03-22 05:32:05,2003-02-12 16:20:16,Andre Malo,Joshua Slive;
25090,1999-08-24 06:46:03,2005-06-03 01:11:44,Paul Querna,Roy T. Fielding;Thom May;Andre Malo;Ryan Bloom;William A. Rowe Jr;Ken Coar;Brian Pane;Justin Erenkrantz;Bradley Nicholes;
27928,2002-10-25 06:52:02,2004-04-03 20:50:00,Andre Malo,Brian Pane;
44026,2001-04-02 17:04:19,2007-12-12 07:44:02,Ruediger Pluem,Mladen Turk;Graham Leggett;William A. Rowe Jr;Ruediger Pluem;
24417,2004-06-11 21:43:58,2004-06-16 21:27:06,Ken Coar,Andre Malo;Ken Coar;
46688,2002-05-15 00:24:15,2009-08-25 13:23:49,Daniel Earl Poirier,Andre Malo;Brian Pane;
48865,2006-08-17 19:21:33,2010-11-04 22:46:27,Eric Covener,Jim Jagielski;
7840,2002-04-04 09:15:44,2002-04-15 00:41:25,Justin Erenkrantz,Sander Striker;
7841,2002-04-04 09:15:44,2002-04-12 01:08:40,Justin Erenkrantz,Sander Striker;
23567,2005-12-17 09:25:09,2007-12-09 22:03:10,Ruediger Pluem,Ruediger Pluem;
59087,2015-06-01 15:00:13,2016-03-08 12:18:37,Yann Ylavic,Rainer Jung;
35314,1999-08-24 06:55:44,2006-12-25 12:06:33,Nick Kew,Roy T. Fielding;
52212,2003-11-25 12:35:45,2012-08-17 11:59:45,Joe Orton,Joe Orton;
51363,2010-07-21 09:54:59,2011-06-13 19:21:57,Stefan Fritsch,Rainer Jung;
55962,2009-04-23 04:19:49,2014-04-17 18:14:49,Mike Rumph,Graham Leggett;William A. Rowe Jr;
36883,2004-08-18 16:09:27,2005-10-07 21:05:01,Ruediger Pluem,Mladen Turk;Jean-Frederic Clere;
7832,2001-12-30 15:34:13,2002-04-14 17:08:53,Joshua Slive,Joshua Slive;Ian Holsman;Richard Bowen;
44020,1999-08-24 06:55:44,2009-06-17 12:45:21,Nick Kew,Roy T. Fielding;Doug MacEachern;
44262,2004-07-14 06:36:42,2008-05-02 20:04:34,Ruediger Pluem,Paul Querna;
12678,2001-09-22 19:14:10,2002-09-16 17:21:59,Joshua Slive,Richard Bowen;
8927,2002-02-19 18:15:15,2002-05-09 17:33:12,Joshua Slive,Joshua Slive;
49705,1999-08-24 06:55:44,2011-06-05 21:33:12,Stefan Fritsch,Roy T. Fielding;Doug MacEachern;Andre Malo;Stefan Fritsch;Ryan Bloom;Jeff Trawick;Justin Erenkrantz;
47766,1999-08-24 06:55:44,2010-11-05 04:45:21,Eric Covener,Roy T. Fielding;
45107,2004-09-22 11:34:53,2009-06-23 14:10:06,Joe Orton,Joe Orton;
45584,2004-08-17 23:33:07,2010-05-29 02:32:22,Eric Covener,Eric Covener;Bradley Nicholes;
44014,2000-09-26 23:01:55,2007-12-03 19:45:48,William A. Rowe Jr,Greg Ames;
43167,2006-03-30 18:26:50,2007-08-30 23:06:00,Nick Kew,Jim Jagielski;
31183,2000-06-28 08:55:58,2004-09-12 22:24:05,Joe Orton,Greg Stein;
26602,2003-02-14 16:04:01,2004-06-09 21:54:50,Bradley Nicholes,Bradley Nicholes;
51371,1999-08-24 06:55:44,2011-09-17 17:01:15,Eric Covener,Roy T. Fielding;Ryan Bloom;Eric Covener;Jeff Trawick;Justin Erenkrantz;
54881,1999-08-24 06:55:44,2013-04-24 14:58:10,Ruediger Pluem,Roy T. Fielding;
12207,2001-04-11 23:37:16,2002-09-01 18:31:30,Justin Erenkrantz,Ryan Bloom;Ken Coar;
51372,2005-07-18 00:11:13,2013-02-04 22:18:12,Christophe Jaillet,Nilgun Belma Buguner;Richard Bowen;
38819,2002-12-11 21:11:15,2007-07-31 19:40:15,Joshua Slive,Andre Malo;
53555,2002-02-26 19:00:40,2016-12-02 14:56:50,Stefan Fritsch,Stefan Fritsch;Eric Covener;Jim Jagielski;Paul Querna;Stefan Eissing;Rainer Jung;Chris Darroch;Joshua Slive;Greg Ames;Colm MacCarthaigh;Richard Bowen;Jeff Trawick;Yann Ylavic;
55972,2009-04-23 04:19:49,2014-02-04 20:38:01,Mike Rumph,Graham Leggett;William A. Rowe Jr;
52464,2004-08-17 23:33:07,2012-01-13 19:16:50,Eric Covener,Stefan Fritsch;Eric Covener;Bradley Nicholes;Paul J. Reder;
34452,2001-05-04 21:54:25,2005-04-19 20:02:09,Joe Orton,Ralf S. Engelschall;
50048,2003-05-05 23:27:56,2010-10-11 19:12:13,Eric Covener,Andre Malo;Nick Kew;
46672,2002-09-14 00:09:22,2010-10-30 20:14:38,Daniel Earl Poirier,Andre Malo;Justin Erenkrantz;
45340,2007-08-19 18:18:17,2008-07-07 10:50:57,Thomas J. Donovan,Vincent Bray;
56823,2004-08-11 20:29:46,2014-12-06 14:33:52,Yann Ylavic,William A. Rowe Jr;Ruediger Pluem;
8938,2002-03-10 04:35:42,2002-05-09 16:12:06,Joshua Slive,Joshua Slive;
52229,2004-11-20 02:52:36,2012-02-27 22:04:54,Stefan Fritsch,Stefan Fritsch;Paul Querna;
42070,2000-12-07 18:12:48,2007-04-08 17:44:57,Sander Temme,Jeff Trawick;
37968,2004-12-18 09:53:10,2006-06-21 09:00:37,Paul Querna,Graham Leggett;
45578,2004-08-26 06:53:39,2008-08-06 19:02:34,Ruediger Pluem,Mladen Turk;
44004,2002-06-12 21:46:50,2007-12-01 16:14:21,Ruediger Pluem,Jeff Trawick;Bradley Nicholes;
7862,1999-08-24 06:46:03,2008-05-13 02:21:33,Roy T. Fielding,Roy T. Fielding;
44001,2004-08-04 13:02:26,2007-12-02 05:33:12,Vincent Bray,Geoffrey Young;Chris Pepper;
45331,1999-08-24 06:46:03,2010-08-18 23:11:56,Stefan Fritsch,Roy T. Fielding;
46421,2005-11-18 00:42:08,2015-05-13 11:34:30,Yann Ylavic,Chris Darroch;Graham Leggett;Nick Kew;
45333,2003-12-15 19:59:23,2008-07-04 10:54:36,Ruediger Pluem,Andre Malo;Ken Coar;
54651,2011-12-14 01:10:52,2014-02-03 21:01:17,Mike Rumph,Graham Leggett;
54893,2001-06-10 21:01:57,2013-04-25 18:02:48,Rainer Jung,Bill Stoddard;
50292,2006-07-13 19:00:26,2010-11-18 20:15:24,Stefan Fritsch,Nick Kew;
56832,2011-12-02 23:02:04,2014-08-09 21:20:50,Eric Covener,Stefan Fritsch;
33112,1999-08-24 06:55:44,2007-08-14 09:22:15,Nick Kew,Roy T. Fielding;Aaron Bannert;
52239,2006-01-17 19:58:19,2011-11-24 15:34:19,Igor Galić,Ruediger Pluem;
52478,2011-02-04 13:50:39,2012-12-10 21:35:16,Christophe Jaillet,Jim Jagielski;
8943,2001-09-22 19:39:26,2002-05-09 18:04:02,Joshua Slive,Richard Bowen;
8944,2000-12-09 19:57:35,2002-05-09 18:53:40,Cliff Woolley,Richard Bowen;
34209,2004-08-18 22:18:39,2005-07-28 10:45:59,Joe Orton,Bradley Nicholes;
54419,2004-04-09 00:56:26,2013-04-06 05:34:07,Christophe Jaillet,Geoffrey Young;
13986,1999-08-24 05:50:50,2009-01-30 19:12:51,Nick Kew,Roy T. Fielding;Doug MacEachern;Graham Leggett;Andre Malo;Eric Covener;Ryan Bloom;Jeff Trawick;Martin Kraemer;Nick Kew;Justin Erenkrantz;
12655,2003-08-22 00:15:28,2005-06-03 10:12:50,Joe Orton,Andre Malo;
8963,2001-02-14 13:32:45,2002-05-10 03:56:53,William A. Rowe Jr,William A. Rowe Jr;Ralf S. Engelschall;David Reid;
43386,2002-03-07 01:19:40,2007-09-13 15:45:48,Joshua Slive,Joshua Slive;Andre Malo;Richard Bowen;
23795,1999-08-24 06:55:44,2003-10-29 20:56:28,Jeff Trawick,Doug MacEachern;Roy T. Fielding;Ryan Bloom;William A. Rowe Jr;Jeff Trawick;Brian Pane;
54420,2011-10-23 02:05:54,2013-04-04 21:03:03,Christophe Jaillet,Nick Kew;
29098,2003-02-25 16:52:55,2006-06-22 07:13:56,William A. Rowe Jr,William A. Rowe Jr;
51398,1999-08-24 06:46:03,2011-06-22 20:45:34,Stefan Fritsch,Doug MacEachern;Roy T. Fielding;Greg Stein;Andre Malo;Paul Querna;Bradley Nicholes;Jean-Frederic Clere;
13511,2001-07-18 19:41:20,2004-05-06 10:18:07,Joe Orton,William A. Rowe Jr;Jeff Trawick;
21371,2001-05-04 21:54:25,2003-07-14 17:28:14,Jeff Trawick,Ralf S. Engelschall;
21370,2002-11-05 20:47:01,2003-07-21 12:02:40,Joe Orton,William A. Rowe Jr;
56603,2009-12-26 10:30:52,2014-12-29 21:05:56,Eric Covener,Nick Kew;
43135,2003-07-09 18:03:57,2009-01-31 22:54:20,Roy T. Fielding,Roy T. Fielding;
7882,2002-06-03 15:25:11,2004-02-29 00:33:16,Joe Orton,Jeff Trawick;
45318,2004-11-21 07:18:38,2010-01-24 21:52:29,Stefan Fritsch,William A. Rowe Jr;
18170,2002-07-06 01:53:37,2003-03-24 16:39:25,Greg Ames,Brian Pane;
10216,2000-04-15 19:23:08,2002-11-04 13:44:30,William A. Rowe Jr,Bill Stoddard;William A. Rowe Jr;Jeff Trawick;
56855,1999-08-24 06:46:03,2014-12-02 12:20:21,Jeff Trawick,Roy T. Fielding;Stefan Fritsch;
54435,2010-09-21 09:23:39,2013-01-16 15:37:16,Ruediger Pluem,Stefan Fritsch;Ruediger Pluem;
52256,2009-11-07 19:19:10,2011-12-28 23:15:04,Stefan Fritsch,Stefan Fritsch;
55523,2011-12-02 23:02:04,2015-01-23 12:21:34,Eric Covener,Stefan Fritsch;
53104,2009-11-09 09:59:53,2012-04-19 22:20:34,Greg Ames,Stefan Fritsch;
32486,2002-12-14 07:46:45,2007-11-06 15:34:35,Joe Orton,William A. Rowe Jr;Bradley Nicholes;
41190,2006-10-10 10:33:06,2008-03-02 09:58:56,Niklas Edmundsson,Nick Kew;
45792,2001-06-30 04:50:31,2008-11-08 11:09:38,Ruediger Pluem,Mladen Turk;Jim Jagielski;Chuck Murcko;William A. Rowe Jr;Ruediger Pluem;
43371,2006-08-08 23:18:23,2008-09-19 13:43:48,Jim Jagielski,Nick Kew;
8724,2001-10-31 15:50:53,2002-05-16 19:05:24,Cliff Woolley,Bill Stoddard;William A. Rowe Jr;
56615,2013-11-18 20:57:52,2014-09-16 01:21:24,Jeff Trawick,Jeff Trawick;
12877,2001-08-19 22:54:58,2003-02-28 23:01:45,Andre Malo,William A. Rowe Jr;
56858,2014-04-30 22:52:41,2014-08-16 19:15:02,Jeff Trawick,Jeff Trawick;
47722,2003-08-25 16:47:42,2010-11-01 15:42:08,Daniel Earl Poirier,Joshua Slive;
44458,2006-02-23 21:40:59,2008-02-20 21:17:17,Eric Covener,Jeff Trawick;
44699,2004-07-29 17:57:15,2008-04-02 15:16:41,Andre Malo,Andre Malo;
42031,2004-12-03 05:28:00,2007-09-11 05:29:54,Paul Querna,Greg Ames;
12880,2002-07-15 20:16:16,2002-09-21 19:07:38,Joshua Slive,Joshua Slive;
11791,1999-08-24 06:55:44,2002-08-24 19:03:34,Paul J. Reder,Roy T. Fielding;Ian Holsman;William A. Rowe Jr;
10460,2002-06-16 19:02:58,2002-07-09 17:13:48,William A. Rowe Jr,William A. Rowe Jr;
17093,2000-04-24 12:00:43,2003-02-15 04:57:10,Andre Malo,Greg Stein;
22203,2000-12-20 16:44:01,2003-08-07 14:13:11,Andre Malo,Greg Ames;Jeff Trawick;
54687,2004-03-09 21:34:52,2013-03-13 17:50:04,Eric Covener,Eric Covener;Joe Orton;
40090,2001-08-23 14:15:00,2006-07-26 17:33:38,Ruediger Pluem,Ian Holsman;Bill Stoddard;Brian Pane;Ruediger Pluem;Justin Erenkrantz;
11793,2000-10-28 15:17:41,2002-08-21 16:42:54,Paul J. Reder,Jeff Trawick;
11310,2002-03-27 02:28:15,2003-03-14 02:20:50,Madhusudan Mathihalli,Doug MacEachern;
23747,1999-08-24 06:55:44,2003-11-02 20:37:04,Andre Malo,Roy T. Fielding;Doug MacEachern;William A. Rowe Jr;Ken Coar;Aaron Bannert;
23748,1999-08-24 06:55:44,2003-11-22 02:11:00,Paul J. Reder,Roy T. Fielding;Ben Laurie;Bill Stoddard;Paul J. Reder;
43358,2002-02-19 18:15:15,2007-09-12 10:32:57,Vincent Bray,Joshua Slive;Andre Malo;Richard Bowen;Nick Kew;Paul Querna;Justin Erenkrantz;Bradley Nicholes;
47951,2001-12-21 01:47:50,2009-11-16 21:51:01,Jeff Trawick,Takashi Sato;Brian Havard;
19242,2001-07-19 16:08:01,2003-05-16 16:11:03,William A. Rowe Jr,Ralf S. Engelschall;William A. Rowe Jr;
43596,2005-12-06 09:48:19,2008-01-12 21:16:27,Nick Kew,Joe Orton;
18156,2001-01-19 07:04:36,2004-08-18 08:21:55,Joe Orton,William A. Rowe Jr;
43359,2004-11-20 02:52:36,2011-06-18 13:21:20,Stefan Fritsch,Brian Pane;Paul Querna;
48807,2001-02-26 04:38:22,2010-07-04 21:16:53,Stefan Fritsch,Ryan Bloom;
23501,2000-01-08 14:50:14,2007-08-01 17:52:15,Joshua Slive,Joshua Slive;Richard Bowen;Ralf S. Engelschall;
50093,2001-07-19 16:08:01,2010-10-23 22:17:44,Stefan Fritsch,Stefan Fritsch;Ralf S. Engelschall;
39095,2004-08-17 23:33:07,2007-12-31 19:20:25,Eric Covener,Graham Leggett;Bradley Nicholes;Paul J. Reder;
12617,2000-11-21 18:40:38,2002-11-20 00:09:56,Jeff Trawick,William A. Rowe Jr;Bradley Nicholes;
55782,2009-04-01 12:07:47,2014-02-27 15:40:01,Yann Ylavic,Ruediger Pluem;Yann Ylavic;
54698,2012-08-17 11:59:45,2013-04-13 11:14:55,Kaspar Brand,Joe Orton;
55786,2002-06-11 03:45:54,2016-08-16 18:24:56,Yann Ylavic,Doug MacEachern;Sander Temme;
55547,2002-05-29 10:27:05,2014-04-30 14:43:27,Yann Ylavic,Graham Leggett;Cliff Woolley;Stefan Fritsch;Ian Holsman;Justin Erenkrantz;Yann Ylavic;
10430,2001-02-22 18:54:49,2002-11-20 12:50:57,Jeff Trawick,Jeff Trawick;Justin Erenkrantz;
57968,2010-01-26 00:05:37,2015-05-29 14:22:10,Eric Covener,William A. Rowe Jr;
37911,2002-03-28 01:32:41,2006-02-17 11:43:37,Joe Orton,Doug MacEachern;William A. Rowe Jr;Jeff Trawick;
37912,2001-05-04 21:54:25,2011-06-29 19:53:13,Stefan Fritsch,Doug MacEachern;Ralf S. Engelschall;William A. Rowe Jr;
56639,2013-11-26 17:11:51,2014-06-21 13:03:19,Eric Covener,Jeff Trawick;
47945,2008-04-08 10:47:04,2009-10-23 19:27:32,Stefan Fritsch,Joe Orton;
45522,2007-11-29 11:18:40,2008-08-06 12:14:00,Joe Orton,Joe Orton;
43589,2004-09-22 22:28:54,2011-11-21 17:06:15,Graham Leggett,Graham Leggett;Paul Querna;Justin Erenkrantz;
19012,2001-10-10 05:04:40,2003-04-17 02:41:15,Jeff Trawick,Jeff Trawick;Aaron Bannert;Justin Erenkrantz;
17073,2002-03-09 22:23:29,2003-02-14 14:06:37,Andre Malo,Joshua Slive;
47707,2002-11-14 05:28:04,2009-08-19 11:36:24,Daniel Earl Poirier,Andre Malo;
45529,2003-07-17 21:18:02,2008-12-31 00:08:00,Nick Kew,Andre Malo;
23998,2001-04-10 00:45:02,2003-10-22 16:09:58,Joe Orton,Graham Leggett;Ian Holsman;
54463,2002-09-10 00:15:39,2013-05-20 08:29:21,Christophe Jaillet,Justin Erenkrantz;
54462,2011-08-15 21:28:08,2013-04-04 20:13:19,Christophe Jaillet,Graham Leggett;
36816,2004-08-11 21:46:54,2005-10-11 21:40:32,Jim Jagielski,Mladen Turk;William A. Rowe Jr;
53131,2002-03-30 23:55:16,2012-04-26 21:44:51,Stefan Fritsch,Graham Leggett;Ben Laurie;Andre Malo;Ian Holsman;Joe Orton;Jim Jagielski;Jeff Trawick;Brian Pane;Paul Querna;Justin Erenkrantz;
10449,1999-08-24 06:46:03,2003-02-19 21:27:05,Andre Malo,Roy T. Fielding;Joshua Slive;Ryan Bloom;
53134,2010-08-16 18:36:19,2012-05-04 14:02:58,Ruediger Pluem,Jim Jagielski;
30033,2002-05-15 19:42:42,2006-06-22 06:46:39,William A. Rowe Jr,William A. Rowe Jr;
55558,2006-04-22 03:44:05,2014-04-08 20:07:04,Jeff Trawick,Garrett Rooney;Jim Jagielski;
31128,2001-08-23 14:15:00,2004-12-09 14:16:16,Paul Querna,Ryan Bloom;Bill Stoddard;Justin Erenkrantz;
12151,2001-09-19 14:49:34,2002-08-29 11:20:02,Jeff Trawick,Yoshiki Hayashi;Joshua Slive;
9866,2000-11-22 19:49:20,2002-06-15 05:41:48,Brian Pane,Ryan Bloom;
46167,2006-10-29 13:08:49,2009-10-11 21:00:13,Stefan Fritsch,Richard Bowen;
38301,2007-08-27 07:32:20,2007-08-30 18:28:27,Roy T. Fielding,Roy T. Fielding;
23287,2002-05-29 10:27:05,2007-07-29 08:35:56,Nick Kew,Justin Erenkrantz;
40865,2001-04-10 00:13:56,2006-11-01 20:20:42,Ruediger Pluem,Graham Leggett;
33098,2009-06-23 14:10:06,2009-07-09 06:28:54,Ruediger Pluem,Joe Orton;
28732,2002-02-19 18:15:15,2004-05-05 03:21:23,Jeff Trawick,David Shane Holden;Joshua Slive;Andre Malo;William A. Rowe Jr;
27886,1999-11-19 20:22:51,2004-03-29 02:56:21,Jeff Trawick,Ryan Bloom;Jeff Trawick;
22194,2000-04-24 08:35:56,2003-08-07 16:38:19,Andre Malo,Greg Stein;Ian Holsman;Victor J. Orlikowski;Ken Coar;
26552,2004-01-09 12:19:55,2004-02-02 16:39:12,Jeff Trawick,Joe Orton;
31913,2004-08-17 23:33:07,2004-11-03 22:05:25,Bradley Nicholes,Bradley Nicholes;
9858,2001-08-07 15:51:29,2002-06-14 08:04:14,William A. Rowe Jr,William A. Rowe Jr;
50434,2001-08-14 02:35:55,2011-01-21 12:51:57,Stefan Fritsch,Roy T. Fielding;Ian Holsman;Nick Kew;Aaron Bannert;Justin Erenkrantz;
48340,2004-08-17 23:33:07,2010-06-01 21:19:06,Eric Covener,Bradley Nicholes;
36590,2006-06-26 14:56:01,2010-03-07 12:34:17,Eric Covener,Richard Bowen;
9873,2001-04-29 05:24:11,2002-02-27 17:06:33,Aaron Bannert,Roy T. Fielding;
37680,2004-03-19 11:16:03,2006-12-16 21:41:38,Nick Kew,Joe Orton;Jeff Trawick;
57070,2010-11-06 14:31:16,2014-10-10 17:54:33,Ruediger Pluem,Stefan Fritsch;
16521,2001-08-23 14:15:00,2011-02-12 19:02:58,Graham Leggett,Bill Stoddard;
16520,2001-02-26 04:38:22,2003-07-08 21:21:13,Paul J. Reder,Ryan Bloom;
46399,2002-02-15 18:02:19,2010-11-04 15:51:51,Richard Bowen,Joshua Slive;Andre Malo;Ruediger Pluem;Noirin Plunkett;
8544,2001-04-12 07:34:17,2002-05-01 21:17:18,Paul J. Reder,Roy T. Fielding;William A. Rowe Jr;
25477,1997-05-04 03:46:35,2004-03-23 03:52:15,Joshua Slive,Joshua Slive;Andre Malo;Richard Bowen;Ken Coar;
60009,1999-08-24 06:55:44,2016-12-29 18:39:24,Eric Covener,Roy T. Fielding;Andre Malo;
59019,2010-01-30 12:18:18,2016-02-28 10:55:04,Christophe Jaillet,Graham Leggett;Stefan Fritsch;
26562,2002-03-27 23:19:08,2004-03-26 23:53:35,Madhusudan Mathihalli,Doug MacEachern;
60487,1999-06-24 01:57:58,2017-02-21 09:07:42,Yann Ylavic,Garrett Rooney;Stefan Fritsch;Jim Jagielski;Paul Querna;Stefan Eissing;Paul J. Reder;Chris Darroch;Greg Ames;Joe Orton;Colm MacCarthaigh;Ryan Bloom;Jeff Trawick;Brian Pane;Yann Ylavic;
47241,2003-07-26 20:32:24,2015-08-03 20:09:34,Eric Covener,Andre Malo;Ruediger Pluem;
50447,1999-08-24 06:55:44,2016-03-15 14:57:46,Eric Covener,Roy T. Fielding;Andre Malo;
15679,2002-03-06 18:48:22,2003-02-17 02:32:20,Justin Erenkrantz,Aaron Bannert;
10190,2001-06-10 19:57:28,2002-10-15 03:29:28,William A. Rowe Jr,William A. Rowe Jr;
47236,2002-09-28 03:47:35,2010-11-08 21:19:57,Richard Bowen,Joshua Slive;Andre Malo;
11041,2002-02-19 18:15:15,2002-07-22 17:31:00,Joshua Slive,Joshua Slive;
47476,2008-04-04 15:58:15,2013-10-13 13:07:19,Graham Leggett,Graham Leggett;
12132,2000-09-23 00:05:45,2002-08-29 22:45:13,Ian Holsman,Ian Holsman;Tony Finch;
46146,2001-11-21 22:26:07,2014-04-15 14:29:30,Yann Ylavic,Graham Leggett;Stefan Fritsch;Ian Holsman;Paul Querna;Nick Kew;Ruediger Pluem;Justin Erenkrantz;Yann Ylavic;
38521,2005-08-17 03:10:03,2006-02-05 19:30:29,Nick Kew,Andre Malo;Paul Querna;
14550,1999-11-19 20:22:51,2002-11-15 02:49:29,Jeff Trawick,Doug MacEachern;Greg Stein;Ryan Bloom;Jeff Trawick;Brian Pane;Justin Erenkrantz;
9644,2001-02-26 04:38:22,2002-06-10 18:51:38,Jeff Trawick,Ryan Bloom;
25202,2000-10-16 06:05:15,2008-12-31 02:27:24,Nick Kew,Andre Malo;William A. Rowe Jr;
27866,1999-08-24 06:46:03,2004-05-25 14:36:18,Joe Orton,Roy T. Fielding;Jim Jagielski;
40841,2001-04-13 02:30:23,2012-11-01 15:02:46,Jim Jagielski,Graham Leggett;Stefan Fritsch;Jeff Trawick;
16739,2000-11-22 06:15:41,2003-02-14 13:39:43,Jeff Trawick,Yoshiki Hayashi;Erik Abele;Joshua Slive;Andre Malo;Richard Bowen;Jeff Trawick;
33078,2005-11-03 01:40:47,2010-12-28 15:56:46,Igor Galić,Richard Bowen;
39854,2001-11-21 22:26:07,2006-07-29 13:24:37,Nick Kew,Sander Striker;Andre Malo;Ian Holsman;Nick Kew;Justin Erenkrantz;
52877,2011-11-12 01:54:50,2012-03-12 00:27:23,Eric Covener,Andre Malo;Stefan Fritsch;
21085,1999-08-24 06:46:03,2003-06-29 17:41:56,Andre Malo,Roy T. Fielding;
38524,2001-03-25 20:23:25,2006-02-11 20:57:12,Ruediger Pluem,Doug MacEachern;Graham Leggett;Ian Holsman;
39613,2005-04-09 16:59:15,2007-09-13 20:28:29,Joshua Slive,Joshua Slive;
52878,2012-03-06 14:07:36,2012-03-12 00:32:46,Eric Covener,Igor Galić;
46380,2002-11-22 14:45:19,2008-12-15 07:47:30,Ruediger Pluem,Joe Orton;Jeff Trawick;Paul Querna;
9410,1999-08-24 06:46:03,2002-05-25 20:02:16,William A. Rowe Jr,Roy T. Fielding;Doug MacEachern;William A. Rowe Jr;
57092,2010-02-14 23:45:59,2014-10-27 00:55:20,Eric Covener,Rainer Jung;
14321,2002-02-27 21:49:33,2002-11-14 19:22:26,Cliff Woolley,Allan K. Edwards;
48796,2002-02-15 18:02:19,2010-02-22 17:46:23,Eric Covener,Joshua Slive;Andre Malo;Joe Orton;
9413,2001-11-30 01:18:25,2002-05-25 20:10:55,Cliff Woolley,Doug MacEachern;Aaron Bannert;
40831,2002-02-15 18:02:19,2010-11-04 23:10:45,Eric Covener,Joshua Slive;
40827,2003-12-18 15:29:41,2010-05-04 12:22:35,Daniel Earl Poirier,Takashi Sato;Stefan Fritsch;Jeff Trawick;
53730,2011-07-30 10:56:41,2012-08-16 16:05:21,Rainer Jung,Rainer Jung;
35247,2002-06-05 03:45:13,2011-02-11 20:12:39,Graham Leggett,Graham Leggett;Joe Orton;Bill Stoddard;Justin Erenkrantz;Paul J. Reder;
52881,1999-08-24 06:55:44,2013-03-31 20:10:43,Stefan Fritsch,Doug MacEachern;Roy T. Fielding;Greg Stein;Geoffrey Young;Ryan Bloom;Daniel Earl Poirier;Aaron Bannert;
60024,2011-01-05 22:39:47,2016-08-23 00:15:44,Eric Covener,Daniel Gruno;Eric Covener;Rich Bowen;
59039,1999-08-24 06:55:44,2016-02-22 15:32:40,Eric Covener,Roy T. Fielding;Graham Leggett;Greg Stein;Eric Covener;Aaron Bannert;Justin Erenkrantz;
44195,2001-03-04 06:27:27,2010-07-20 01:55:18,Nick Kew,Stefan Fritsch;Ryan Bloom;Paul Querna;
39843,2002-02-15 18:02:19,2006-06-30 19:04:50,Joshua Slive,Joshua Slive;Noirin Plunkett;
21095,2000-11-22 19:49:20,2003-07-21 23:47:33,Cliff Woolley,Cliff Woolley;Ryan Bloom;Justin Erenkrantz;
55910,1999-08-24 06:46:03,2014-12-29 17:27:46,Eric Covener,Roy T. Fielding;Stefan Fritsch;William A. Rowe Jr;
60261,2009-03-25 17:52:23,2016-10-21 21:44:29,Yann Ylavic,William A. Rowe Jr;
52648,2000-08-02 05:27:38,2012-07-15 21:19:54,Stefan Fritsch,Doug MacEachern;
49639,1999-08-24 06:55:44,2010-08-18 20:35:43,Stefan Fritsch,Roy T. Fielding;Andre Malo;
8572,2001-07-19 16:08:01,2002-04-30 17:10:12,Cliff Woolley,Doug MacEachern;Ralf S. Engelschall;
48304,2003-07-26 20:32:24,2011-12-01 12:40:51,Graham Leggett,Andre Malo;
49634,2004-11-29 04:15:24,2010-08-18 20:10:12,Stefan Fritsch,Paul Querna;
48787,2009-11-23 23:17:51,2010-02-22 17:16:29,Jeff Trawick,Jeff Trawick;
9424,2001-09-05 01:40:17,2002-06-07 01:39:21,Joshua Slive,Richard Bowen;
59045,2014-11-20 21:38:53,2016-03-09 13:43:53,Yann Ylavic,Yann Ylavic;
53741,1999-08-24 06:55:44,2014-09-18 19:06:52,Christophe Jaillet,Roy T. Fielding;Joe Orton;Jim Jagielski;Bradley Nicholes;Justin Erenkrantz;
25420,2001-09-22 19:18:26,2003-12-11 02:45:38,Erik Abele,Andre Malo;Richard Bowen;
52893,2000-08-02 05:27:38,2012-07-15 21:14:00,Stefan Fritsch,Doug MacEachern;Chris Darroch;Graham Leggett;Ryan Bloom;Jim Jagielski;Jeff Trawick;Paul Querna;Justin Erenkrantz;
60275,2013-08-13 12:16:39,2016-12-21 16:19:26,Eric Covener,Jeff Trawick;
45033,2005-05-17 18:45:17,2008-05-19 08:58:05,Takashi Sato,Paul Querna;
12353,2001-02-08 07:45:33,2003-02-01 14:08:52,Jeff Trawick,Doug MacEachern;
8569,2002-02-19 18:15:15,2002-05-02 14:34:36,Joshua Slive,Joshua Slive;
12596,1999-08-24 06:55:44,2003-03-02 18:06:16,Andre Malo,Roy T. Fielding;Andre Malo;William A. Rowe Jr;Ken Coar;
15868,1999-08-24 05:50:50,2013-05-01 18:49:04,Graham Leggett,Roy T. Fielding;Sander Striker;Graham Leggett;Andre Malo;Stefan Fritsch;Colm MacCarthaigh;Ruediger Pluem;
13204,2002-08-21 19:47:15,2002-10-04 16:57:38,Jeff Trawick,Jeff Trawick;
51329,1999-08-24 06:55:44,2011-06-13 11:20:18,Stefan Fritsch,Doug MacEachern;Roy T. Fielding;
15866,2001-08-23 14:15:00,2009-10-05 12:13:20,Daniel Earl Poirier,Bill Stoddard;Daniel Earl Poirier;
9673,1999-08-24 05:50:50,2002-06-28 08:40:25,Justin Erenkrantz,Roy T. Fielding;Ben Laurie;Cliff Woolley;Ryan Bloom;Jeff Trawick;Brian Pane;Justin Erenkrantz;
11030,2001-02-08 07:45:33,2002-07-31 12:44:55,Jeff Trawick,Doug MacEachern;
49623,2002-08-17 23:52:12,2011-11-08 03:06:08,Stefan Fritsch,Erik Abele;Ruediger Pluem;
47686,1999-08-24 06:55:44,2010-09-19 13:02:54,Graham Leggett,Roy T. Fielding;Andre Malo;Richard Bowen;Nick Kew;
26767,2002-09-16 02:22:45,2004-02-21 18:56:49,Andre Malo,Yoshiki Hayashi;Richard Bowen;
51571,2001-05-06 17:08:06,2011-09-19 16:25:42,Stefan Fritsch,Doug MacEachern;Ben Laurie;Ian Holsman;Stefan Fritsch;Bill Stoddard;Joe Orton;Ryan Bloom;Jim Jagielski;Jeff Trawick;William A. Rowe Jr;Paul Querna;Nick Kew;
40805,2002-11-25 17:40:23,2006-11-18 22:17:33,Ruediger Pluem,Colm MacCarthaigh;Bill Stoddard;
51330,1999-08-24 06:55:44,2011-06-13 11:11:48,Stefan Fritsch,Roy T. Fielding;Stefan Fritsch;William A. Rowe Jr;
50243,2010-06-06 17:04:40,2010-11-10 12:09:27,Ruediger Pluem,Stefan Fritsch;
53998,2005-01-30 01:59:44,2012-10-12 18:49:15,Eric Covener,Richard Bowen;
46110,2004-09-18 16:18:26,2008-10-28 20:02:53,Ruediger Pluem,Jeff Trawick;
14303,2002-10-03 00:53:48,2002-11-07 12:29:27,Jeff Trawick,Andre Malo;
13211,1999-08-24 06:55:44,2003-03-06 23:12:29,Andre Malo,Roy T. Fielding;
47682,2001-10-25 20:36:10,2009-08-12 20:42:48,Ruediger Pluem,Ken Coar;Aaron Bannert;
11035,2004-11-27 08:07:44,2008-01-12 20:33:57,Nick Kew,Justin Erenkrantz;
38737,2006-05-05 04:17:36,2006-05-26 18:27:23,Chris Darroch,Sander Temme;
36780,2001-02-09 07:04:52,2007-10-11 13:18:38,Joe Orton,Greg Stein;Cliff Woolley;Ryan Bloom;
44165,2002-03-30 06:19:14,2008-01-11 20:30:23,Eric Covener,Doug MacEachern;Joe Orton;Jeff Trawick;William A. Rowe Jr;Nick Kew;Justin Erenkrantz;
21287,2001-08-23 14:15:00,2003-12-18 21:22:41,Bill Stoddard,Bill Stoddard;
49611,2004-09-08 06:13:54,2010-11-04 19:59:40,Daniel Earl Poirier,Yoshiki Hayashi;
36783,2001-08-01 06:12:37,2008-03-03 06:13:59,Nick Kew,William A. Rowe Jr;Jeff Trawick;
9446,2001-09-22 18:53:20,2002-06-07 01:43:52,Joshua Slive,Richard Bowen;
23223,2000-08-02 05:27:38,2004-02-28 21:44:30,Joe Orton,Doug MacEachern;
14518,2003-07-26 20:32:24,2004-08-28 16:08:21,Andre Malo,Andre Malo;
16937,2001-12-27 19:40:15,2003-02-11 02:08:01,Andre Malo,Aaron Bannert;
54611,2000-06-28 08:55:58,2013-04-27 16:55:44,Graham Leggett,Graham Leggett;Greg Stein;
35211,2002-02-13 18:46:13,2005-06-13 23:17:52,Paul Querna,Bill Stoddard;Justin Erenkrantz;
48761,1999-08-24 06:46:03,2010-02-25 18:00:42,Daniel Earl Poirier,Roy T. Fielding;Jeff Trawick;
38962,2004-08-11 22:52:46,2006-06-27 12:05:43,Ruediger Pluem,Mladen Turk;Jim Jagielski;William A. Rowe Jr;
15603,2002-09-28 03:47:35,2003-01-08 20:24:02,Joshua Slive,Andre Malo;
39815,2000-06-28 08:55:58,2009-11-09 13:14:07,Stefan Fritsch,Doug MacEachern;Greg Stein;William A. Rowe Jr;
8122,2001-05-04 21:54:25,2003-02-23 17:12:43,Jim Jagielski,Doug MacEachern;Ralf S. Engelschall;Justin Erenkrantz;
12340,2001-08-26 04:39:35,2002-09-08 17:56:18,Brian Pane,William A. Rowe Jr;
46333,2001-09-22 18:53:20,2009-12-18 15:44:03,Daniel Earl Poirier,Joshua Slive;Andre Malo;Richard Bowen;Jim Jagielski;Daniel Earl Poirier;
31083,2002-11-05 20:47:01,2004-09-22 16:34:20,Joe Orton,William A. Rowe Jr;
25656,1999-06-24 01:57:58,2009-10-08 21:42:13,Stefan Fritsch,Jim Jagielski;Ruediger Pluem;Aaron Bannert;
27834,2002-03-29 08:17:26,2008-01-12 19:32:24,Nick Kew,Cliff Woolley;
51590,2011-07-13 20:38:33,2011-08-01 21:48:03,Stefan Fritsch,Stefan Fritsch;
51350,2004-11-27 08:07:44,2016-12-09 09:29:57,Luca Toscano,Justin Erenkrantz;
51592,2006-06-14 13:16:29,2011-08-03 10:46:04,Stefan Fritsch,Joe Orton;
15859,2001-03-25 20:23:25,2005-02-03 16:03:42,Jeff Trawick,Graham Leggett;Jim Jagielski;Nick Kew;
51357,2003-03-13 23:20:03,2011-06-13 10:58:10,Stefan Fritsch,Graham Leggett;Jim Jagielski;Ruediger Pluem;Bradley Nicholes;Justin Erenkrantz;
15852,2001-08-23 14:15:00,2003-09-11 14:56:03,Paul J. Reder,Ian Holsman;Bill Stoddard;Brian Pane;Justin Erenkrantz;Paul J. Reder;
15610,2002-11-11 18:24:42,2002-12-22 15:36:16,Andre Malo,Joshua Slive;
51358,2000-08-02 05:27:38,2011-06-13 11:04:29,Stefan Fritsch,Doug MacEachern;Graham Leggett;Andre Malo;Ian Holsman;Joe Orton;William A. Rowe Jr;
44152,2000-06-28 08:55:58,2007-12-29 16:06:19,Ruediger Pluem,Doug MacEachern;Greg Stein;
15616,2001-11-05 17:42:41,2002-12-23 16:43:03,Erik Abele,Bill Stoddard;
37051,2002-03-13 01:15:14,2005-10-13 16:35:55,Joe Orton,Doug MacEachern;
41796,2005-08-08 14:37:14,2007-03-12 14:49:07,Joe Orton,Paul Querna;
9469,2001-05-04 21:54:25,2002-05-28 21:47:31,Cliff Woolley,Ralf S. Engelschall;
41793,2004-09-11 18:45:31,2007-08-02 11:02:36,Tony Stevenson,Mladen Turk;
41551,2006-06-14 13:16:29,2007-06-01 15:50:12,Eric Covener,Joe Orton;
43738,2001-05-04 21:54:25,2007-11-02 16:45:46,Joe Orton,Joe Orton;William A. Rowe Jr;Ralf S. Engelschall;
20617,2001-11-26 16:27:01,2004-02-16 17:39:56,Jeff Trawick,Ian Holsman;
41798,1999-08-24 06:55:44,2007-10-26 23:07:22,Nick Kew,Roy T. Fielding;Graham Leggett;Ian Holsman;Jim Jagielski;William A. Rowe Jr;Nick Kew;Noirin Plunkett;
43976,2002-11-10 03:13:43,2010-11-01 20:55:59,Daniel Earl Poirier,Andre Malo;
45911,2004-08-21 19:27:24,2008-11-01 10:23:09,Ruediger Pluem,Ruediger Pluem;Jean-Frederic Clere;
21944,2002-11-05 20:47:01,2004-01-23 16:50:24,Joe Orton,William A. Rowe Jr;
60869,2015-06-30 15:26:16,2017-03-16 08:40:52,Stefan Eissing,Jim Jagielski;
31759,2002-05-30 00:36:58,2006-09-12 23:44:12,Nick Kew,Justin Erenkrantz;
38149,2000-06-28 08:55:58,2009-11-09 21:32:10,Stefan Fritsch,Greg Stein;Andre Malo;Stefan Fritsch;
32848,2002-02-28 05:17:03,2005-01-14 13:54:31,Joe Orton,Doug MacEachern;Jeff Trawick;
49272,2009-04-23 04:19:49,2011-10-18 20:10:48,Stefan Fritsch,William A. Rowe Jr;Ruediger Pluem;
19626,2001-01-17 15:52:12,2003-05-04 18:31:18,Andre Malo,William A. Rowe Jr;
8388,1999-08-24 06:55:44,2002-11-11 23:07:29,Jeff Trawick,Doug MacEachern;Roy T. Fielding;Greg Ames;Cliff Woolley;Ryan Bloom;Jeff Trawick;
8143,1999-08-24 06:55:44,2002-05-06 18:24:03,Aaron Bannert,Roy T. Fielding;Doug MacEachern;Allan K. Edwards;dgaudet;Jeff Trawick;
40454,2005-02-25 06:24:06,2008-05-09 12:12:34,Takashi Sato,Paul Querna;Justin Erenkrantz;
16125,2004-08-02 17:30:30,2005-06-06 16:53:15,Paul Querna,Justin Erenkrantz;
37288,2000-06-28 08:55:58,2005-10-30 13:25:28,Joe Orton,Greg Stein;Justin Erenkrantz;
44817,2006-06-01 10:45:06,2008-05-17 13:34:58,Nick Kew,Joe Orton;
55293,2011-03-25 19:08:39,2013-07-24 19:42:53,Stefan Fritsch,Roy T. Fielding;
20619,2003-02-25 16:52:55,2004-02-16 17:50:29,Jeff Trawick,Andre Malo;William A. Rowe Jr;
16368,2000-06-12 21:41:58,2003-02-18 20:35:28,Andre Malo,Chuck Murcko;Justin Erenkrantz;
17217,2000-01-11 13:11:13,2004-03-06 16:47:41,Joe Orton,Roy T. Fielding;Sascha Schumann;Ryan Bloom;Madhusudan Mathihalli;Joe Orton;
9003,2002-02-26 19:00:40,2002-05-13 06:56:18,Justin Erenkrantz,Joshua Slive;
9244,2000-12-05 03:51:41,2002-05-20 21:24:04,Cliff Woolley,Ryan Bloom;
15001,2001-12-05 18:28:37,2002-12-02 19:42:13,Andre Malo,Joshua Slive;William A. Rowe Jr;
40447,2005-05-17 18:45:17,2007-06-10 03:14:42,Jason S. Lingohr,Paul Querna;
29889,2007-08-27 07:32:20,2007-08-30 18:15:35,Roy T. Fielding,Roy T. Fielding;
56153,2003-02-27 02:50:04,2014-02-20 18:08:31,Eric Covener,Andre Malo;Eric Covener;
29404,1999-08-24 05:50:50,2010-11-14 00:01:43,Nick Kew,Roy T. Fielding;
43711,2004-11-27 08:07:44,2008-05-19 19:30:15,Nick Kew,Ruediger Pluem;Nick Kew;Justin Erenkrantz;
44800,2002-07-01 18:18:31,2008-06-05 19:00:31,William A. Rowe Jr,William A. Rowe Jr;
44803,1999-08-24 06:55:44,2008-05-29 19:53:30,Ruediger Pluem,Mladen Turk;Roy T. Fielding;
43956,2004-09-10 16:17:15,2008-03-31 13:14:02,Nick Kew,Joshua Slive;Andre Malo;Nick Kew;
49491,2009-03-23 10:51:00,2011-03-16 16:32:04,Joe Orton,Ruediger Pluem;
25040,1999-08-24 06:55:44,2004-01-29 19:21:13,Justin Erenkrantz,Roy T. Fielding;
28310,2003-11-02 01:23:16,2007-11-02 15:39:20,Tony Stevenson,Astrid Kessler;Andre Malo;
50851,2006-04-22 03:44:05,2011-03-04 18:31:17,Jim Jagielski,Garrett Rooney;
19849,1999-11-19 20:22:51,2003-06-23 20:17:00,Jeff Trawick,Doug MacEachern;Greg Stein;Ian Holsman;Ryan Bloom;
49498,2009-10-25 17:21:10,2010-10-18 14:45:19,Stephen Henson,Joe Orton;
31978,2005-05-06 19:50:57,2007-06-17 07:21:08,Jason S. Lingohr,Paul Querna;Bradley Nicholes;
18757,2001-02-26 04:38:22,2005-10-20 21:42:50,Greg Ames,Sander Striker;Ryan Bloom;Brian Pane;Bradley Nicholes;
35081,2002-03-13 05:30:43,2005-06-03 12:54:53,Joe Orton,Doug MacEachern;
9012,1999-08-24 06:46:03,2003-02-19 03:01:21,Andre Malo,Roy T. Fielding;Wilfredo Sanchez;Ryan Bloom;Bill Stoddard;
19611,2002-04-04 09:15:44,2003-05-05 13:12:28,Thom May,Sander Striker;
40432,2001-08-20 22:04:59,2007-07-31 19:49:08,Joshua Slive,Joshua Slive;
40430,2004-02-16 21:17:54,2007-07-13 23:09:30,Tony Stevenson,Andre Malo;
39203,2005-05-17 18:45:17,2006-05-25 20:14:52,Ruediger Pluem,Paul Querna;
21935,2002-01-25 20:09:33,2016-08-16 21:48:09,Yann Ylavic,Graham Leggett;Ian Holsman;Stefan Fritsch;Colm MacCarthaigh;Ruediger Pluem;
40439,2001-06-26 22:32:49,2006-09-10 12:37:21,Ruediger Pluem,Ian Holsman;William A. Rowe Jr;Justin Erenkrantz;
9011,2002-03-20 03:54:25,2003-09-05 19:36:26,Jeff Trawick,Jeff Trawick;Brian Pane;
58349,2002-03-10 04:34:21,2015-09-19 08:40:56,Kaspar Brand,Joshua Slive;Stefan Fritsch;Joe Orton;Richard Bowen;William A. Rowe Jr;Yann Ylavic;
49246,2008-04-04 15:58:15,2010-07-21 18:25:01,Paul Querna,Graham Leggett;Jeff Trawick;Ruediger Pluem;
50622,2002-03-01 22:16:23,2011-01-20 17:57:53,Igor Galić,Astrid Kessler;Joshua Slive;Andre Malo;Daniel Earl Poirier;
33901,2004-08-18 22:18:39,2005-03-09 00:15:01,Bradley Nicholes,Bradley Nicholes;
30877,2002-06-16 15:14:41,2009-10-19 21:41:31,Stefan Fritsch,Ryan Bloom;
51958,2002-03-10 04:34:21,2012-04-11 11:30:09,Igor Galić,Joshua Slive;Stefan Fritsch;
38340,2004-08-18 16:09:27,2006-01-21 11:30:41,Ruediger Pluem,Ruediger Pluem;Bradley Nicholes;Jean-Frederic Clere;
14376,2000-08-06 06:07:53,2003-04-15 17:39:43,Graham Leggett,Greg Stein;Graham Leggett;Ryan Bloom;William A. Rowe Jr;Jeff Trawick;Brian Pane;Justin Erenkrantz;
8170,2001-10-11 03:42:53,2002-05-03 21:09:05,Justin Erenkrantz,Ryan Bloom;
42847,1999-08-24 06:55:44,2007-08-03 15:26:34,Jim Jagielski,Roy T. Fielding;
36166,2002-02-18 00:18:50,2005-08-26 17:54:49,Joshua Slive,Joshua Slive;Andre Malo;
55089,2004-08-20 16:12:37,2015-04-22 17:44:00,Eric Covener,Bradley Nicholes;
38108,2005-06-08 15:37:55,2006-03-29 14:04:08,Joe Orton,Joe Orton;
51969,2002-02-15 18:02:19,2012-04-02 12:37:32,Eric Covener,Joshua Slive;Eric Covener;Noirin Plunkett;
40894,2001-04-10 00:13:56,2007-09-08 20:29:14,Nick Kew,Graham Leggett;
39420,2004-10-31 18:00:43,2006-12-13 02:12:16,Nick Kew,Nick Kew;
40651,1999-08-24 06:46:03,2006-10-03 11:40:30,Joe Orton,Doug MacEachern;Roy T. Fielding;Greg Stein;Ryan Bloom;William A. Rowe Jr;
40656,2002-03-16 18:26:58,2006-10-02 21:12:34,Ruediger Pluem,William A. Rowe Jr;
40653,2001-11-20 20:14:58,2007-01-10 10:50:35,Joe Orton,Jeff Trawick;Justin Erenkrantz;
40658,2002-01-19 07:45:18,2006-10-02 21:13:58,Ruediger Pluem,Justin Erenkrantz;
42829,2001-11-10 08:00:41,2009-01-07 20:00:56,Jeff Trawick,Greg Stein;Joe Orton;Ryan Bloom;Jeff Trawick;
58126,1999-11-29 23:47:33,2015-10-05 20:52:51,Yann Ylavic,Roy T. Fielding;Manoj Kasichainula;Sascha Schumann;Kaspar Brand;Stefan Fritsch;Joe Orton;Jeff Trawick;Aaron Bannert;Nick Kew;Justin Erenkrantz;Stefan Eissing;Rainer Jung;
53910,2000-06-28 08:55:58,2013-04-27 15:40:18,Graham Leggett,Doug MacEachern;Greg Stein;
48377,2004-09-10 16:17:15,2009-12-27 01:48:49,Nick Kew,Nick Kew;
14147,2001-08-01 01:58:24,2002-11-01 20:49:13,William A. Rowe Jr,William A. Rowe Jr;Ken Coar;
52823,2011-07-27 22:24:14,2012-03-19 20:57:19,Stefan Fritsch,Daniel Ruggeri;
49460,2005-05-17 18:45:17,2010-11-04 22:55:06,Eric Covener,Richard Bowen;Paul Querna;
53916,1999-08-24 06:46:03,2012-10-07 06:26:53,Kaspar Brand,Roy T. Fielding;Stefan Fritsch;Joe Orton;
12172,2002-06-22 03:36:57,2002-08-29 23:14:52,Ian Holsman,Ian Holsman;
40883,2005-07-14 03:42:22,2006-12-12 21:22:36,Ruediger Pluem,William A. Rowe Jr;
48125,2002-10-04 15:12:04,2009-11-04 14:30:55,Eric Covener,Astrid Kessler;Joe Orton;Jeff Trawick;
47037,1999-11-19 20:22:51,2009-04-16 19:23:45,Jeff Trawick,Ryan Bloom;Jeff Trawick;
39653,2001-06-07 17:22:12,2008-12-12 16:08:16,Joe Orton,Joe Orton;Jeff Trawick;
56196,2006-07-29 13:24:37,2014-02-28 09:42:41,Yann Ylavic,Stefan Fritsch;Ruediger Pluem;
28515,2001-11-01 20:14:16,2005-09-10 16:36:37,Joshua Slive,Ken Coar;
40400,2004-08-11 22:52:46,2006-09-04 19:51:52,Ruediger Pluem,William A. Rowe Jr;
35292,2000-10-22 13:20:36,2005-09-25 18:00:43,Joe Orton,Ian Holsman;Bill Stoddard;Ryan Bloom;Jeff Trawick;
43906,1999-08-24 06:46:03,2010-07-19 23:40:25,Nick Kew,Roy T. Fielding;Doug MacEachern;
50653,2008-12-21 08:04:29,2011-01-26 03:20:24,Eric Covener,Eric Covener;
50655,2002-02-15 18:02:19,2011-01-26 03:12:56,Eric Covener,Joshua Slive;Andre Malo;
17629,1999-08-24 06:46:03,2015-08-28 12:55:55,Andre Malo,Doug MacEachern;Roy T. Fielding;Greg Ames;Andre Malo;Eric Covener;Ryan Bloom;William A. Rowe Jr;Jeff Trawick;Brian Pane;
13025,2001-01-19 07:04:36,2002-09-30 05:10:07,Ryan Bloom,Greg Stein;William A. Rowe Jr;
51748,2011-08-26 14:49:29,2011-09-01 10:25:45,Ruediger Pluem,Jim Jagielski;
15207,1999-08-24 06:55:44,2005-02-03 13:38:24,Jim Jagielski,Roy T. Fielding;William A. Rowe Jr;Chuck Murcko;
53929,2003-07-26 20:32:24,2014-01-13 01:51:58,Eric Covener,Andre Malo;
12181,2002-08-29 22:45:13,2002-08-29 22:58:52,Ian Holsman,Ian Holsman;
48359,1999-08-24 06:46:03,2010-01-21 07:19:41,Ruediger Pluem,Roy T. Fielding;Chris Darroch;Greg Ames;Bill Stoddard;Ruediger Pluem;Nick Kew;
38793,2004-08-11 22:39:02,2006-04-14 13:20:28,Ruediger Pluem,Mladen Turk;William A. Rowe Jr;
41960,2001-11-01 16:06:21,2007-09-26 14:26:19,Nick Kew,Ken Coar;
48357,2001-02-26 04:38:22,2012-10-01 14:20:37,Jeff Trawick,Ryan Bloom;Brian Pane;
28523,2001-02-26 04:38:22,2004-04-22 20:44:32,Andre Malo,Ryan Bloom;
59230,2011-05-13 13:46:43,2016-03-29 15:48:00,Yann Ylavic,Jim Jagielski;
40878,2004-08-18 22:18:39,2006-11-08 20:43:46,Bradley Nicholes,Graham Leggett;Bradley Nicholes;
50662,2002-03-10 04:34:21,2012-04-04 00:57:25,Eric Covener,Daniel Gruno;Joshua Slive;
24165,2002-02-15 18:02:19,2003-11-01 23:35:39,Andre Malo,Yoshiki Hayashi;Erik Abele;Joshua Slive;Andre Malo;Justin Erenkrantz;
47022,2001-02-01 21:55:16,2011-01-09 23:00:33,Stefan Fritsch,Joe Orton;Ryan Bloom;Jeff Trawick;
48594,2008-05-11 00:36:27,2010-01-24 20:58:19,Stefan Fritsch,Roy T. Fielding;
48351,1999-08-24 06:46:03,2010-01-30 11:20:53,Stefan Fritsch,Astrid Kessler;Roy T. Fielding;Andre Malo;Jim Jagielski;Nick Kew;Daniel Earl Poirier;
45082,2003-07-26 20:32:24,2009-05-19 14:24:39,Takashi Sato,Andre Malo;
45084,2008-02-29 15:32:38,2012-08-17 13:41:15,Joe Orton,Jim Jagielski;
45875,2001-05-04 21:54:25,2011-02-12 15:41:17,Joe Orton,Andre Malo;Stefan Fritsch;Joe Orton;Ralf S. Engelschall;
43697,1999-08-24 05:50:50,2012-07-24 12:17:00,Joe Orton,Roy T. Fielding;Doug MacEachern;Mladen Turk;Graham Leggett;Ian Holsman;Stefan Fritsch;Jim Jagielski;William A. Rowe Jr;Ruediger Pluem;Nick Kew;
40183,2006-11-22 11:48:55,2008-01-28 14:51:14,Ruediger Pluem,Joe Orton;
23606,2002-10-04 15:29:16,2003-10-10 23:08:19,Andre Malo,Astrid Kessler;Andre Malo;
43210,2005-10-14 23:33:40,2008-03-19 23:57:00,Chris Darroch,Nick Kew;
41035,2003-07-09 18:03:57,2007-08-30 18:02:21,Roy T. Fielding,Roy T. Fielding;
43211,2002-11-06 02:27:02,2008-03-21 07:49:47,Chris Darroch,Hiroaki Kawai;Astrid Kessler;Chris Darroch;Graham Leggett;Joshua Slive;Andre Malo;Jim Jagielski;Vincent Bray;Nick Kew;Ruediger Pluem;Noirin Plunkett;Justin Erenkrantz;
9061,2001-10-26 02:59:26,2002-05-14 13:52:12,Jeff Trawick,Cliff Woolley;
9065,2000-03-16 19:26:48,2002-05-20 21:31:08,Joshua Slive,Joshua Slive;Tony Finch;
21668,1999-08-24 06:55:44,2003-11-01 23:00:25,Andre Malo,Roy T. Fielding;
52175,2011-10-10 12:46:21,2011-11-14 13:15:09,Eric Covener,Eric Covener;Richard Bowen;
53023,2003-07-30 17:19:36,2012-04-04 21:20:37,Andre Malo,Andre Malo;William A. Rowe Jr;
11626,1999-01-05 05:14:52,2002-08-12 14:21:48,Joshua Slive,Roy T. Fielding;
54357,2009-10-25 17:21:10,2014-10-04 10:58:49,Kaspar Brand,Kaspar Brand;Stefan Fritsch;Joe Orton;
29148,2000-06-28 08:55:58,2004-05-21 20:42:56,Joe Orton,Greg Stein;
56532,2011-02-22 21:43:44,2014-05-16 18:54:19,Ruediger Pluem,Eric Covener;Jim Jagielski;Yann Ylavic;
32561,2003-11-02 01:23:16,2004-12-08 00:22:39,Andre Malo,Astrid Kessler;
10773,1999-08-24 06:46:03,2003-02-10 03:37:22,Andre Malo,Roy T. Fielding;Ryan Bloom;
10775,1999-08-24 06:46:03,2005-06-21 10:53:00,Nick Kew,Roy T. Fielding;
18025,2001-08-19 22:54:58,2003-03-22 21:17:18,Andre Malo,William A. Rowe Jr;
46952,2001-11-27 23:37:20,2009-06-26 14:22:20,Joe Orton,Doug MacEachern;William A. Rowe Jr;
42114,2006-01-16 19:56:32,2007-06-29 20:20:01,Tony Stevenson,Andre Malo;Jim Jagielski;Bradley Nicholes;
42592,1999-08-24 06:55:44,2007-10-08 23:47:35,Nick Kew,Roy T. Fielding;Doug MacEachern;Ian Holsman;Jeff Trawick;Nick Kew;
22529,2002-02-15 18:02:19,2007-08-01 15:21:31,Joshua Slive,Erik Abele;Joshua Slive;Andre Malo;Richard Bowen;Ruediger Pluem;Noirin Plunkett;
9076,2001-08-31 01:50:15,2003-01-28 15:57:38,Andre Malo,Sander Striker;William A. Rowe Jr;
30134,2002-01-22 06:33:35,2004-08-17 16:31:23,Joe Orton,William A. Rowe Jr;Justin Erenkrantz;
11637,2001-09-18 04:09:19,2003-05-02 10:56:51,Jeff Trawick,Greg Stein;
57879,2005-11-13 13:19:07,2015-05-01 11:56:35,Christophe Jaillet,Colm MacCarthaigh;
56306,2013-12-28 13:24:17,2014-04-09 09:35:41,Kaspar Brand,Kaspar Brand;
31226,2002-03-20 02:05:43,2005-10-21 13:41:25,Ruediger Pluem,Bill Stoddard;Ruediger Pluem;
28063,2002-07-29 05:06:20,2004-08-14 10:57:13,Jeff Trawick,William A. Rowe Jr;
43432,1999-08-24 06:55:44,2010-07-31 20:08:44,Stefan Fritsch,Roy T. Fielding;Joe Orton;Nick Kew;Bradley Nicholes;
20312,2001-10-19 23:32:43,2003-06-07 19:50:01,Jeff Trawick,Cliff Woolley;Ryan Bloom;Jim Jagielski;William A. Rowe Jr;Jeff Trawick;Brian Pane;Aaron Bannert;
16057,1999-08-24 06:55:44,2009-08-26 18:29:49,Daniel Earl Poirier,Roy T. Fielding;Doug MacEachern;Ronald Tschalar;William A. Rowe Jr;Aaron Bannert;
46949,2008-09-18 09:35:30,2009-04-08 21:06:46,Ruediger Pluem,Mladen Turk;
40169,2001-08-23 14:15:00,2009-10-03 14:54:00,Graham Leggett,Graham Leggett;Ian Holsman;Colm MacCarthaigh;Bill Stoddard;Justin Erenkrantz;
53040,2008-04-08 10:47:04,2012-08-15 08:38:53,Rainer Jung,Stefan Fritsch;Joe Orton;
45856,2007-06-29 10:33:14,2010-08-22 10:34:20,Stefan Fritsch,Joe Orton;
20558,2000-10-19 00:40:57,2003-08-17 14:36:55,Erik Abele,Tony Finch;
38084,2005-10-29 11:25:06,2006-01-01 17:51:03,Nick Kew,Nick Kew;
54133,2011-09-17 17:01:15,2012-11-11 12:53:11,Christophe Jaillet,Eric Covener;
32787,2005-06-13 12:49:58,2005-06-16 10:21:39,Joe Orton,Joe Orton;
28037,2000-11-30 00:31:03,2009-11-07 19:19:10,Stefan Fritsch,Andre Malo;Ian Holsman;Ryan Bloom;Brian Pane;
57641,2007-08-24 01:19:46,2015-06-11 14:22:21,Nick Kew,William A. Rowe Jr;
27189,2002-02-15 20:48:19,2004-09-22 13:35:31,Joe Orton,Aaron Bannert;
41484,2006-11-18 22:17:33,2007-02-06 15:55:50,Ruediger Pluem,Ruediger Pluem;
23836,2003-08-22 00:15:28,2003-10-15 22:55:48,Andre Malo,Andre Malo;
42572,2002-07-29 05:06:20,2007-08-07 13:03:03,Nick Kew,William A. Rowe Jr;Nick Kew;
38070,1999-08-24 06:46:03,2006-01-20 01:36:44,Nick Kew,Doug MacEachern;Roy T. Fielding;William A. Rowe Jr;
22741,2001-11-21 17:45:24,2003-10-23 13:12:38,Joe Orton,Doug MacEachern;
24922,1999-08-24 06:55:44,2004-05-21 22:05:31,Graham Leggett,Roy T. Fielding;Doug MacEachern;Graham Leggett;Ian Holsman;William A. Rowe Jr;Martin Kraemer;
45605,2002-04-28 01:45:00,2008-10-08 13:32:07,Ruediger Pluem,Aaron Bannert;
54145,2011-11-08 20:36:03,2013-04-04 00:22:52,Jeff Trawick,Stefan Fritsch;
55475,2005-12-18 12:07:39,2013-11-04 21:31:27,Jim Jagielski,Ruediger Pluem;
28287,2000-10-23 15:30:57,2004-04-24 19:42:52,Andre Malo,Manoj Kasichainula;
54384,2011-10-17 21:30:40,2013-01-15 20:20:14,Christophe Jaillet,Stefan Fritsch;
57895,2007-08-30 23:28:25,2016-01-07 15:04:33,Rainer Jung,Roy T. Fielding;
31440,1999-08-24 06:46:03,2008-02-19 17:05:26,Paul Querna,Roy T. Fielding;Doug MacEachern;Jeff Trawick;
28047,2003-06-01 15:10:30,2004-04-03 23:22:18,Andre Malo,Ken Coar;
59838,2011-11-18 21:41:09,2016-07-12 21:13:37,Luca Toscano,Stefan Fritsch;Jan Kaluža;
56329,2001-03-11 23:40:47,2014-12-31 15:39:02,Eric Covener,Richard Bowen;Ken Coar;
31448,1999-08-24 06:46:03,2004-09-28 14:30:10,Joe Orton,Roy T. Fielding;William A. Rowe Jr;
41231,2001-07-19 16:08:01,2007-11-06 15:02:32,Joe Orton,Joe Orton;William A. Rowe Jr;Ralf S. Engelschall;
41230,2002-11-25 17:40:23,2007-05-18 22:38:08,Justin Erenkrantz,Bill Stoddard;Justin Erenkrantz;
19304,2001-10-16 21:29:07,2004-05-21 03:14:06,Graham Leggett,Joshua Slive;Andre Malo;Ryan Bloom;
43890,2002-08-16 03:49:24,2007-12-24 23:57:54,Tony Stevenson,Erik Abele;Joshua Slive;
18452,2001-03-13 21:25:28,2003-04-01 19:08:40,Erik Abele,Joshua Slive;Ken Coar;
29106,2001-03-04 06:27:27,2004-05-25 00:10:25,Andre Malo,Ryan Bloom;
43415,1999-08-24 06:55:44,2007-09-26 01:45:16,Jeff Trawick,Roy T. Fielding;Andre Malo;Jim Jagielski;Jeff Trawick;
30585,2001-11-06 16:52:59,2004-08-11 14:25:30,Joe Orton,Jeff Trawick;William A. Rowe Jr;Aaron Bannert;
59844,2011-05-28 11:47:55,2016-07-13 12:40:25,Eric Covener,Stefan Fritsch;
31431,2004-08-18 22:18:39,2004-10-03 16:44:06,Graham Leggett,Bradley Nicholes;
30586,2001-11-06 16:52:59,2009-07-24 17:15:29,Daniel Earl Poirier,William A. Rowe Jr;
26079,1999-08-24 05:34:15,2004-01-28 19:12:53,Andre Malo,Roy T. Fielding;
32529,2002-03-12 01:40:02,2004-12-08 09:43:21,Joe Orton,Doug MacEachern;
28492,2000-06-03 16:27:03,2004-04-21 21:24:28,Andre Malo,Andre Malo;Ryan Bloom;
12910,1999-08-24 06:46:03,2003-03-05 16:37:00,Andre Malo,Roy T. Fielding;Allan K. Edwards;Cliff Woolley;
17135,2001-10-16 21:29:07,2003-05-06 01:13:47,Andre Malo,Ryan Bloom;
21873,1997-06-05 20:07:19,2003-07-25 18:31:25,Erik Abele,Erik Abele;Joshua Slive;Randy Terbush;Richard Bowen;
43881,2005-01-08 01:59:45,2009-11-16 15:24:34,Nick Kew,Erik Abele;
7930,2001-11-27 03:58:41,2002-04-19 19:19:44,William A. Rowe Jr,William A. Rowe Jr;
43882,2004-11-27 08:07:44,2007-11-17 14:36:58,Nick Kew,Justin Erenkrantz;
58761,2003-04-05 02:06:36,2015-12-28 18:23:36,Eric Covener,Daniel Gruno;Andre Malo;Richard Bowen;
46916,2002-02-26 19:00:40,2010-11-04 19:29:26,Igor Galić,Astrid Kessler;Nilgun Belma Buguner;Chris Darroch;Igor Galić;Joshua Slive;Andre Malo;Stefan Fritsch;Richard Bowen;Jim Jagielski;Ruediger Pluem;
43889,2002-05-15 23:10:33,2007-11-21 13:35:59,Joe Orton,Joe Orton;Jeff Trawick;Justin Erenkrantz;
59856,2002-07-25 00:16:26,2016-07-14 21:01:28,Christophe Jaillet,Richard Bowen;
56105,2013-09-04 10:47:46,2014-02-11 16:57:07,Eric Covener,Daniel Gruno;
10744,1999-08-24 06:46:03,2009-10-03 13:46:48,Stefan Fritsch,Roy T. Fielding;
37194,2008-09-08 14:52:21,2012-03-30 13:10:35,Eric Covener,Takashi Sato;Jim Jagielski;
39133,2006-02-15 23:48:29,2006-03-28 19:40:37,Nick Kew,Andre Malo;Bradley Nicholes;
56351,2013-10-13 12:14:39,2014-04-07 08:59:07,Yann Ylavic,Graham Leggett;
56110,2011-11-18 21:41:09,2014-02-05 12:58:11,Jeff Trawick,Stefan Fritsch;
44729,1999-08-24 06:55:44,2009-05-27 00:58:41,Nick Kew,Roy T. Fielding;William A. Rowe Jr;
57204,2012-06-16 22:51:19,2014-11-30 01:41:26,Eric Covener,Stefan Fritsch;
58777,1999-08-24 06:55:44,2016-03-08 19:18:15,Eric Covener,Roy T. Fielding;Andre Malo;
59869,2001-04-05 18:25:04,2016-07-20 18:25:01,Ruediger Pluem,Graham Leggett;Ian Holsman;Ruediger Pluem;Paul Querna;
55264,2012-12-12 12:34:55,2013-07-16 20:16:58,Christophe Jaillet,Rainer Jung;
57685,2002-02-01 22:08:34,2015-03-17 20:12:19,Eric Covener,William A. Rowe Jr;Jeff Trawick;Brian Pane;
59864,2006-07-11 17:51:54,2016-07-20 18:32:14,Ruediger Pluem,Jim Jagielski;Ruediger Pluem;
54179,2004-12-14 17:04:58,2012-11-21 20:40:01,Christophe Jaillet,Jim Jagielski;William A. Rowe Jr;Jeff Trawick;
31898,2004-08-18 22:18:39,2004-11-01 23:43:24,Bradley Nicholes,Bradley Nicholes;
17108,1999-08-24 06:46:03,2003-02-19 01:35:51,Jeff Trawick,Roy T. Fielding;Dirk-Willem van Gulik;
18443,2001-09-22 18:53:20,2003-04-06 18:16:11,Joshua Slive,Joshua Slive;Richard Bowen;
16261,2002-08-30 21:07:44,2003-01-22 07:09:12,Graham Leggett,Joshua Slive;
38034,2000-06-28 08:55:58,2007-12-29 19:38:51,Nick Kew,Greg Stein;
38035,2004-08-20 16:12:37,2007-07-13 20:47:00,Tony Stevenson,Andre Malo;Bradley Nicholes;
45806,2008-02-11 16:17:19,2008-09-17 14:19:43,Vincent Bray,Richard Bowen;Vincent Bray;
56128,2013-09-04 10:47:46,2014-02-11 22:45:32,Daniel Gruno,Daniel Gruno;Eric Covener;
53098,2005-01-07 22:17:48,2016-04-12 23:09:07,Yann Ylavic,Sander Striker;Stefan Fritsch;Jean-Frederic Clere;
39369,2000-10-24 18:40:00,2009-03-23 11:12:23,Joe Orton,Andre Malo;Ryan Bloom;Brian Pane;
49167,2004-11-27 08:07:44,2010-04-25 19:10:45,Eric Covener,Justin Erenkrantz;
50823,2001-10-11 01:49:21,2012-04-20 11:22:20,Stefan Fritsch,Doug MacEachern;Cliff Woolley;Stefan Fritsch;Ryan Bloom;Joe Orton;William A. Rowe Jr;Justin Erenkrantz;
19188,2002-12-20 16:44:46,2010-02-12 09:58:48,Rainer Jung,Andre Malo;Ruediger Pluem;
49838,2009-04-23 04:19:49,2010-08-30 09:41:38,Ruediger Pluem,William A. Rowe Jr;
34588,2000-10-23 15:30:57,2005-04-28 15:19:06,Joe Orton,Manoj Kasichainula;
50396,2002-03-09 18:31:00,2011-02-02 12:07:58,Nick Kew,Astrid Kessler;Joshua Slive;
53663,2003-07-26 23:04:18,2012-08-06 20:40:37,Stefan Fritsch,Andre Malo;
38701,2004-08-17 23:33:07,2006-03-16 19:39:38,Jeff Trawick,Bradley Nicholes;
49825,2000-06-28 08:55:58,2010-10-24 08:17:26,Stefan Fritsch,Sander Temme;Greg Stein;Andre Malo;
49823,2001-03-04 06:27:27,2010-11-05 20:21:09,Eric Covener,Joshua Slive;Ryan Bloom;
44377,2001-02-01 21:55:16,2011-06-19 12:27:23,Stefan Fritsch,Doug MacEachern;Stefan Fritsch;Ryan Bloom;Jeff Trawick;
44135,2002-02-14 00:48:39,2008-02-08 01:34:51,Tony Stevenson,Joshua Slive;
27811,2001-09-22 19:18:26,2004-03-22 21:32:12,Joshua Slive,Richard Bowen;
25875,2002-11-16 00:47:52,2004-01-03 13:40:19,Andre Malo,Andre Malo;
25635,1999-08-24 06:55:44,2004-01-25 15:40:08,Andre Malo,Roy T. Fielding;Andre Malo;
46318,2003-04-21 22:17:45,2010-10-19 15:12:11,Daniel Earl Poirier,Graham Leggett;Joshua Slive;Jeff Trawick;
47408,2007-11-23 12:13:59,2011-08-15 05:15:17,Kaspar Brand,Kaspar Brand;Stefan Fritsch;Joe Orton;
55616,2013-09-19 15:30:10,2013-10-01 06:25:35,Kaspar Brand,Kaspar Brand;Jim Jagielski;
37840,2004-11-20 02:52:36,2005-12-08 17:12:36,Joe Orton,Paul Querna;
20183,2001-09-26 19:58:10,2004-03-11 17:21:47,Joe Orton,Graham Leggett;Ian Holsman;
11475,2003-09-23 22:40:23,2004-01-13 00:33:01,Andre Malo,Cliff Woolley;
42190,1999-08-24 06:46:03,2008-12-27 03:53:32,Nick Kew,Roy T. Fielding;Brian Pane;
47634,2004-08-18 22:18:39,2011-03-12 21:42:36,Eric Covener,Bradley Nicholes;
41097,2002-05-23 14:23:51,2007-07-31 20:13:50,Joshua Slive,Joshua Slive;Andre Malo;Noirin Plunkett;
43039,2001-02-26 04:38:22,2009-12-21 00:40:07,Nick Kew,Ryan Bloom;Brian Pane;Daniel Earl Poirier;
42186,2004-09-10 16:17:15,2007-07-26 13:21:20,Nick Kew,Andre Malo;Nick Kew;
48720,2002-07-25 00:16:26,2010-11-05 19:35:23,Eric Covener,Joshua Slive;Andre Malo;Richard Bowen;
46541,1999-08-24 05:50:50,2010-02-24 04:02:06,Eric Covener,Roy T. Fielding;Graham Leggett;William A. Rowe Jr;Bradley Nicholes;
23421,2002-02-19 18:15:15,2004-12-11 05:57:29,Roy T. Fielding,Joshua Slive;Andre Malo;
36506,2002-02-15 18:02:19,2007-07-31 19:36:41,Joshua Slive,Erik Abele;Joshua Slive;Andre Malo;
36507,2004-08-11 22:52:46,2005-10-05 07:59:36,Ruediger Pluem,Mladen Turk;William A. Rowe Jr;
50174,2005-05-17 18:45:17,2010-11-04 16:24:51,Eric Covener,Jim Jagielski;Paul Querna;
53444,2010-12-24 00:37:30,2012-07-11 01:48:48,Eric Covener,Igor Galić;
50176,2002-08-15 15:47:10,2010-10-30 19:10:54,Daniel Earl Poirier,Richard Bowen;
24991,2002-12-09 05:37:26,2003-12-10 19:26:15,Jeff Trawick,Justin Erenkrantz;
61067,2014-04-13 18:41:05,2017-05-05 12:52:00,Luca Toscano,Eric Covener;
43031,2005-05-17 21:01:37,2011-06-13 21:13:08,Stefan Fritsch,Erik Abele;
45450,2006-03-12 20:11:34,2008-07-22 08:29:41,Nick Kew,Nick Kew;
45687,2000-10-21 14:07:41,2008-09-09 19:58:12,Greg Ames,Cliff Woolley;Jeff Trawick;
45445,2004-08-11 22:34:26,2008-08-09 20:52:46,Ruediger Pluem,William A. Rowe Jr;
44356,2005-06-29 22:19:59,2008-02-05 05:38:20,Vincent Bray,Andre Malo;
7991,1999-08-30 15:43:48,2003-06-01 15:10:30,Ken Coar,Bill Stoddard;William A. Rowe Jr;Ken Coar;
42175,2008-11-04 00:44:56,2009-07-05 23:10:30,Nick Kew,Nick Kew;
45444,2002-01-17 00:54:33,2008-08-06 14:37:09,Joe Orton,Doug MacEachern;
21495,2002-09-01 04:26:32,2003-07-29 18:25:15,Jeff Trawick,Andre Malo;Brian Pane;
8841,1999-08-26 14:18:40,2002-05-07 00:17:11,Joshua Slive,Roy T. Fielding;William A. Rowe Jr;
23673,2001-04-14 07:03:00,2010-04-11 15:54:02,Stefan Fritsch,Takashi Sato;Graham Leggett;
22104,2000-06-28 08:55:58,2003-08-06 14:46:48,Andre Malo,Doug MacEachern;Greg Stein;
30190,1999-08-24 05:34:15,2007-08-28 10:53:21,William A. Rowe Jr,Roy T. Fielding;Martin Kraemer;
22348,2002-08-16 03:30:24,2003-08-25 16:47:42,Joshua Slive,Erik Abele;Joshua Slive;
53452,2008-04-05 18:59:40,2012-11-13 21:03:10,Christophe Jaillet,Graham Leggett;Stefan Fritsch;
14726,1999-08-24 05:50:50,2004-03-14 16:24:55,Andre Malo,Roy T. Fielding;Ryan Bloom;
53698,2011-02-18 18:40:31,2012-08-12 07:45:55,Daniel Gruno,Jim Jagielski;
56960,2004-12-03 05:28:00,2014-10-06 06:07:47,Jan Kaluža,Greg Ames;Stefan Fritsch;
16908,1999-08-24 06:55:44,2003-02-19 05:58:00,Justin Erenkrantz,Roy T. Fielding;Doug MacEachern;Jeff Trawick;
56729,2009-10-04 19:39:38,2015-07-06 07:13:57,Yann Ylavic,Stefan Fritsch;Jim Jagielski;
11212,1999-08-24 06:46:03,2002-12-09 15:00:59,Bill Stoddard,Roy T. Fielding;Ryan Bloom;
38910,2001-07-28 01:33:10,2006-05-17 14:23:41,Joe Orton,William A. Rowe Jr;
44346,2001-04-02 06:19:45,2008-02-02 20:36:18,Ruediger Pluem,Dirk-Willem van Gulik;Ryan Bloom;
45434,2011-01-13 15:59:05,2012-07-25 07:28:26,Joe Orton,Jim Jagielski;
48944,2004-11-06 07:45:21,2010-03-27 16:31:56,Graham Leggett,Andre Malo;Justin Erenkrantz;
44584,1999-08-24 06:46:03,2009-03-02 21:17:43,Jeff Trawick,Roy T. Fielding;Dirk-Willem van Gulik;Joe Orton;Jeff Trawick;William A. Rowe Jr;
8853,2000-10-23 18:38:00,2002-07-21 18:06:51,Joshua Slive,Manoj Kasichainula;Joshua Slive;William A. Rowe Jr;Jeff Trawick;
7764,1999-08-24 06:46:03,2002-06-16 15:14:41,Ryan Bloom,Roy T. Fielding;Doug MacEachern;Ralf S. Engelschall;William A. Rowe Jr;Jeff Trawick;Ken Coar;David Reid;Bradley Nicholes;
23642,2000-01-09 05:18:31,2003-11-05 17:16:00,Joe Orton,dgaudet;
48947,2006-07-12 12:08:36,2010-03-21 18:18:38,Graham Leggett,Jean-Frederic Clere;
24734,2001-10-21 01:17:11,2003-11-21 03:49:12,Jeff Trawick,William A. Rowe Jr;
11427,2003-11-16 01:51:28,2007-12-29 07:54:55,William A. Rowe Jr,Allan K. Edwards;Jeff Trawick;
51285,1999-08-24 06:46:03,2011-06-20 10:28:05,Joe Orton,Roy T. Fielding;Graham Leggett;Jeff Trawick;Ruediger Pluem;Rainer Jung;
12757,2002-04-26 21:54:38,2003-01-21 10:46:57,Graham Leggett,Graham Leggett;Cliff Woolley;Jeff Trawick;
11428,1999-08-24 06:55:44,2003-11-09 18:21:51,Andre Malo,Roy T. Fielding;Andre Malo;Ryan Bloom;Justin Erenkrantz;
34542,1999-11-19 20:22:51,2005-08-29 20:12:43,William A. Rowe Jr,Ian Holsman;Colm MacCarthaigh;Ryan Bloom;
55643,2005-10-23 22:38:35,2013-10-09 21:09:41,Jeff Trawick,Jeff Trawick;Brian Pane;
54311,2001-07-30 05:02:53,2013-01-15 21:53:07,Christophe Jaillet,Ryan Bloom;Jim Jagielski;Jeff Trawick;Paul Querna;
50199,2010-10-16 19:30:08,2011-02-12 13:08:57,Graham Leggett,Graham Leggett;
13609,2003-01-15 14:32:06,2003-01-17 14:46:50,Jeff Trawick,Jeff Trawick;
10574,2002-03-02 16:40:41,2002-08-21 15:44:43,Joshua Slive,Joshua Slive;Richard Bowen;
13603,2002-03-02 16:15:29,2008-12-31 00:50:04,Nick Kew,Yoshiki Hayashi;Andre Malo;Richard Bowen;
10575,2001-06-27 21:54:16,2004-07-10 02:25:56,Paul Querna,Andre Malo;William A. Rowe Jr;
44334,2004-08-11 20:42:00,2008-02-02 16:35:40,Ruediger Pluem,William A. Rowe Jr;Ruediger Pluem;Jean-Frederic Clere;
46996,2001-07-30 05:02:53,2010-02-04 16:00:51,Daniel Earl Poirier,Greg Ames;Ryan Bloom;Jeff Trawick;Justin Erenkrantz;
48930,2001-04-02 06:19:45,2011-06-25 12:00:26,Stefan Fritsch,Dirk-Willem van Gulik;
55890,2013-03-05 17:29:28,2014-04-13 16:57:34,Eric Covener,Jim Jagielski;
57832,2004-08-11 22:34:26,2016-06-27 17:26:12,Yann Ylavic,Mladen Turk;Stefan Fritsch;Jim Jagielski;William A. Rowe Jr;Ruediger Pluem;Yann Ylavic;
55892,2004-09-13 11:30:22,2015-03-09 12:45:56,Yann Ylavic,Mladen Turk;
31268,2005-04-15 15:20:28,2007-04-09 18:50:28,Sander Temme,Joe Orton;
36951,2001-04-08 14:52:19,2005-10-06 20:31:03,Jeff Trawick,Graham Leggett;
55415,2011-04-01 19:25:23,2016-07-18 08:02:23,Luca Toscano,Jim Jagielski;
43472,2006-11-10 09:15:21,2007-09-28 19:30:37,Nick Kew,Mladen Turk;
20111,1999-08-24 06:55:44,2004-11-22 16:03:20,Joe Orton,Roy T. Fielding;Brian Pane;
41056,2004-11-27 08:07:44,2008-01-06 20:32:20,Jim Jagielski,Justin Erenkrantz;
46749,2002-08-31 16:58:52,2009-10-06 19:39:38,Stefan Fritsch,Joshua Slive;Andre Malo;Joe Orton;Bradley Nicholes;
46508,2008-12-12 20:20:40,2009-01-11 12:58:08,Ruediger Pluem,Joe Orton;Jeff Trawick;
55420,2000-06-28 08:55:58,2015-03-13 07:21:10,Christophe Jaillet,Greg Stein;Rainer Jung;
52394,2002-05-16 05:17:11,2011-12-29 08:57:55,Stefan Fritsch,Sander Temme;Dirk-Willem van Gulik;Paul Querna;Justin Erenkrantz;
34520,2001-05-04 21:54:25,2005-07-06 22:25:37,William A. Rowe Jr,Ralf S. Engelschall;Jeff Trawick;William A. Rowe Jr;
8869,2002-04-29 18:09:02,2002-05-13 17:16:55,Jeff Trawick,Jeff Trawick;
53006,2009-04-01 12:07:47,2012-08-21 14:46:55,Joe Orton,Stefan Fritsch;Ruediger Pluem;
44560,2007-11-02 22:33:36,2008-03-07 21:02:41,Eric Covener,Eric Covener;
8625,2002-03-09 22:23:29,2003-03-01 01:28:46,Andre Malo,Joshua Slive;
29161,2001-09-05 01:40:17,2004-05-23 20:12:46,Astrid Kessler,Andre Malo;Richard Bowen;
33438,2003-04-05 14:11:56,2005-02-09 17:35:05,Jeff Trawick,Andre Malo;
42135,1999-11-19 20:22:51,2010-12-04 14:54:31,Eric Covener,Ryan Bloom;Jeff Trawick;Nick Kew;
7791,2000-10-31 00:47:24,2002-05-26 08:27:10,Brian Pane,Doug MacEachern;Greg Stein;Greg Ames;Ryan Bloom;
45888,1999-08-24 06:46:03,2011-08-13 09:06:35,Stefan Fritsch,Roy T. Fielding;Greg Stein;Andre Malo;Stefan Fritsch;Ian Holsman;Ryan Bloom;Jeff Trawick;Justin Erenkrantz;
44799,2005-03-14 02:10:10,2008-04-12 08:44:36,Ruediger Pluem,Joshua Slive;Richard Bowen;Nick Kew;
46971,2001-04-04 18:47:42,2009-08-23 02:00:43,Nick Kew,Mladen Turk;Graham Leggett;
8643,2001-09-22 18:53:20,2002-04-30 14:20:29,Jeff Trawick,Yoshiki Hayashi;Richard Bowen;
51072,2001-03-26 15:39:52,2011-04-15 19:04:29,Stefan Fritsch,Doug MacEachern;
34512,2002-01-31 14:48:51,2005-06-03 02:44:39,Paul Querna,Martin Kraemer;
31247,2000-08-12 18:45:35,2004-09-26 15:52:51,Joe Orton,Greg Stein;Cliff Woolley;Ryan Bloom;Joe Orton;Jeff Trawick;William A. Rowe Jr;Justin Erenkrantz;
56767,2007-12-08 20:10:29,2014-11-11 12:06:53,Jan Kaluža,Jim Jagielski;Ruediger Pluem;
51075,2011-11-09 23:37:37,2012-06-08 09:38:44,Stefan Fritsch,Joe Orton;Paul Querna;
30399,2002-01-25 20:09:33,2004-10-23 17:45:55,Justin Erenkrantz,Andre Malo;Ian Holsman;Bill Stoddard;Justin Erenkrantz;Paul J. Reder;
31483,2003-07-09 18:03:57,2007-08-27 18:12:04,Roy T. Fielding,Roy T. Fielding;Nick Kew;
54346,1999-08-24 06:46:03,2013-02-06 08:17:53,Christophe Jaillet,Roy T. Fielding;
55676,2009-11-01 16:24:59,2013-10-19 12:50:25,Daniel Ruggeri,Eric Covener;
54587,2004-08-18 22:18:39,2013-03-04 21:54:24,Eric Covener,Stefan Fritsch;Eric Covener;Bradley Nicholes;
54345,1999-08-24 06:46:03,2012-12-25 20:43:15,Stefan Fritsch,Roy T. Fielding;Stefan Fritsch;
12981,2001-04-02 04:39:01,2005-04-15 15:20:28,Joe Orton,Dirk-Willem van Gulik;
14921,2000-06-28 08:55:58,2003-01-29 17:24:38,Justin Erenkrantz,Greg Stein;
10324,2001-08-18 16:52:02,2002-07-31 15:43:15,Jeff Trawick,Graham Leggett;
9729,1999-08-26 10:45:57,2002-06-10 16:43:52,Jeff Trawick,Roy T. Fielding;
49559,2002-03-10 04:34:21,2013-09-29 10:35:46,Kaspar Brand,Doug MacEachern;Daniel Gruno;Erik Abele;Joshua Slive;Kaspar Brand;Stefan Fritsch;Joe Orton;Jeff Trawick;Paul Querna;
39992,2003-05-02 21:50:55,2006-07-09 16:19:41,Ruediger Pluem,Andre Malo;
14453,2003-07-26 20:32:24,2003-07-29 01:14:17,Andre Malo,Andre Malo;
27525,2000-12-15 19:20:12,2005-08-05 12:27:57,Joe Orton,Doug MacEachern;Jeff Trawick;Aaron Bannert;
56094,2003-07-29 20:58:29,2014-02-01 14:02:29,Eric Covener,Andre Malo;
41835,2004-09-10 16:17:15,2007-07-26 14:48:48,Nick Kew,Andre Malo;Nick Kew;
60599,2015-06-30 15:26:16,2017-01-23 20:10:20,Stefan Eissing,Jim Jagielski;Stefan Eissing;
58037,2004-08-18 22:18:39,2015-06-15 18:21:27,Eric Covener,Bradley Nicholes;
45196,2002-12-08 21:13:07,2008-07-22 23:53:23,Eric Covener,Wilfredo Sanchez;Chris Darroch;Bradley Nicholes;
15786,2002-05-06 22:23:52,2003-02-17 02:47:11,Justin Erenkrantz,Justin Erenkrantz;
48460,2004-09-11 18:45:31,2015-01-02 11:36:45,Rainer Jung,Mladen Turk;
53824,2011-04-12 15:26:25,2015-01-19 08:06:56,Jeff Trawick,Jeff Trawick;
39519,1999-08-24 06:46:03,2008-12-16 00:08:01,Takashi Sato,Doug MacEachern;Roy T. Fielding;Jeff Trawick;Brian Pane;
50559,2007-03-15 23:29:23,2011-09-26 20:09:06,Stefan Fritsch,Jim Jagielski;William A. Rowe Jr;Ruediger Pluem;
39518,2001-08-16 20:04:32,2010-07-31 20:02:13,Stefan Fritsch,William A. Rowe Jr;
48459,2006-10-29 13:08:49,2010-01-05 14:55:25,Takashi Sato,Stefan Fritsch;Richard Bowen;
48215,2009-04-25 09:16:48,2011-06-19 18:03:55,Stefan Fritsch,Ruediger Pluem;
26686,2003-11-11 19:10:56,2004-05-21 15:02:44,Graham Leggett,Bradley Nicholes;
57198,2006-04-22 03:44:05,2014-11-19 07:19:13,Jan Kaluža,Garrett Rooney;Stefan Fritsch;Jim Jagielski;
41826,2006-01-16 19:56:32,2007-03-27 15:04:27,Joshua Slive,Bradley Nicholes;
41823,2001-08-17 19:36:23,2008-02-13 12:46:50,Tony Stevenson,Astrid Kessler;Tony Stevenson;Andre Malo;Richard Bowen;William A. Rowe Jr;Bradley Nicholes;
46275,1999-08-24 06:46:03,2009-01-12 00:52:26,Takashi Sato,Roy T. Fielding;Andre Malo;Justin Erenkrantz;
39985,2005-05-18 09:19:34,2007-01-16 19:36:26,Chris Darroch,Chris Darroch;Nick Kew;
9989,2002-06-18 02:58:36,2002-06-19 17:31:19,Cliff Woolley,Cliff Woolley;
52748,2002-05-13 08:39:30,2012-06-08 10:04:44,Joe Orton,Joe Orton;Jeff Trawick;Justin Erenkrantz;
30919,1999-08-24 06:55:44,2004-09-03 02:31:06,Paul Querna,Roy T. Fielding;Thom May;Ryan Bloom;William A. Rowe Jr;Brian Pane;Martin Kraemer;
37791,2002-03-12 01:40:02,2005-12-06 10:21:41,Joe Orton,Doug MacEachern;
49535,2000-12-06 18:41:05,2011-04-07 19:39:48,Jeff Trawick,Ryan Bloom;William A. Rowe Jr;Paul Querna;Daniel Earl Poirier;Justin Erenkrantz;
15761,1999-08-24 06:46:03,2003-02-10 16:27:28,Jeff Trawick,Doug MacEachern;Roy T. Fielding;Greg Stein;Ryan Bloom;Jeff Trawick;Aaron Bannert;
48444,2005-05-17 18:45:17,2009-12-25 16:32:20,Takashi Sato,Paul Querna;
38642,2003-07-26 20:32:24,2008-12-19 12:59:52,Eric Covener,Andre Malo;
37553,2005-05-18 09:19:34,2005-11-21 23:41:44,Nick Kew,Nick Kew;
10074,2000-07-27 00:16:32,2002-06-21 11:00:43,Jeff Trawick,Ryan Bloom;
40721,2006-01-11 14:30:28,2010-12-18 17:11:14,Stefan Fritsch,Chris Darroch;Stefan Fritsch;Bradley Nicholes;
22299,1999-08-24 06:46:03,2004-01-30 19:43:38,Geoffrey Young,Roy T. Fielding;Doug MacEachern;Ben Laurie;
27985,2003-02-28 13:13:39,2004-03-29 21:34:19,Andre Malo,Andre Malo;Jeff Trawick;
58292,2001-06-27 20:44:00,2015-08-27 22:55:52,Eric Covener,Ryan Bloom;William A. Rowe Jr;Ruediger Pluem;
50332,2010-09-23 19:50:14,2010-11-26 10:33:19,Ruediger Pluem,William A. Rowe Jr;
24232,1999-08-24 06:55:44,2003-10-30 16:43:45,Thom May,Roy T. Fielding;Ryan Bloom;
52755,2010-07-22 22:27:42,2012-02-24 20:42:24,Stefan Fritsch,Nick Kew;
38644,2002-02-19 01:21:56,2007-09-18 04:42:00,Vincent Bray,Joshua Slive;Richard Bowen;
13104,2000-12-23 03:15:16,2002-09-27 23:53:04,Ryan Bloom,Ryan Bloom;
38403,2004-08-11 22:43:44,2006-02-15 16:44:42,Jim Jagielski,William A. Rowe Jr;
50335,2013-03-07 14:06:51,2013-10-21 18:58:26,Joe Orton,Jim Jagielski;
47348,2003-05-05 23:27:56,2010-11-05 04:22:36,Eric Covener,Andre Malo;
47106,2002-09-26 08:55:28,2010-02-13 20:24:24,Graham Leggett,Graham Leggett;Joe Orton;Nick Kew;
46018,2008-06-20 14:51:39,2008-11-06 22:23:21,Ruediger Pluem,William A. Rowe Jr;
13351,2001-08-07 04:33:58,2002-10-09 09:50:09,Sander Striker,William A. Rowe Jr;
9534,1999-08-24 06:55:44,2002-08-21 17:49:18,Cliff Woolley,Roy T. Fielding;Doug MacEachern;
34275,1999-08-24 06:46:03,2008-01-17 20:01:55,Ruediger Pluem,Roy T. Fielding;
40952,2002-08-25 20:40:11,2007-09-09 01:13:38,Nick Kew,Ian Holsman;
9770,2001-07-25 21:12:45,2002-06-11 14:43:04,Jeff Trawick,William A. Rowe Jr;
40948,2005-04-08 12:55:23,2009-09-13 23:54:23,Eric Covener,William A. Rowe Jr;
24483,1999-08-24 06:55:44,2004-03-08 23:27:31,Justin Erenkrantz,Roy T. Fielding;
13598,2002-01-27 07:44:07,2003-11-01 22:29:42,Andre Malo,William A. Rowe Jr;
44076,1999-08-24 06:55:44,2010-12-04 03:30:40,Eric Covener,Roy T. Fielding;Doug MacEachern;Greg Stein;Ben Laurie;William A. Rowe Jr;Justin Erenkrantz;
46494,2006-01-11 14:30:28,2010-02-03 22:14:45,Stefan Fritsch,Vincent Bray;Bradley Nicholes;
50349,2001-08-30 04:24:09,2010-12-07 13:06:22,Eric Covener,Jim Jagielski;William A. Rowe Jr;
54948,1999-08-24 06:46:03,2013-05-11 12:05:24,Eric Covener,Roy T. Fielding;Eric Covener;
54706,2002-11-17 01:33:25,2013-05-02 14:24:26,Graham Leggett,Graham Leggett;Bill Stoddard;Brian Pane;Paul J. Reder;
54946,2006-02-21 19:34:33,2013-10-03 21:50:07,Rainer Jung,Jeff Trawick;Ruediger Pluem;
24219,2002-05-10 07:51:16,2003-11-02 00:36:08,Andre Malo,Brian Pane;
8453,1999-08-24 06:46:03,2002-06-05 11:59:26,Jeff Trawick,Roy T. Fielding;Ryan Bloom;
8696,2001-09-22 19:39:26,2002-05-02 14:28:52,Joshua Slive,Richard Bowen;
47335,2009-06-01 13:37:59,2009-06-11 12:32:59,Ruediger Pluem,Jim Jagielski;
14892,2002-08-23 21:02:16,2002-11-30 02:35:08,Joshua Slive,Erik Abele;Richard Bowen;
49512,2003-07-26 20:32:24,2010-12-29 20:41:55,Stefan Fritsch,Andre Malo;Rainer Jung;
45158,2006-09-04 19:51:52,2008-08-18 16:10:41,Jim Jagielski,Ruediger Pluem;
9787,1999-08-24 06:55:44,2002-06-15 07:20:59,Joshua Slive,Roy T. Fielding;Richard Bowen;
35350,2001-03-04 06:27:27,2010-01-30 12:18:18,Stefan Fritsch,Ryan Bloom;William A. Rowe Jr;Vincent Bray;Paul Querna;
33170,2004-09-16 12:08:00,2005-02-03 23:18:48,Justin Erenkrantz,Mladen Turk;
50350,2009-03-25 17:52:23,2010-11-29 00:10:22,Eric Covener,William A. Rowe Jr;
24450,1999-06-24 01:57:58,2003-11-07 13:40:04,Jeff Trawick,Ryan Bloom;Jim Jagielski;Jeff Trawick;
22030,2000-05-28 11:48:24,2004-04-18 16:02:57,Joe Orton,Jeff Trawick;
39710,2005-08-10 04:32:13,2007-05-26 18:50:18,Nick Kew,Justin Erenkrantz;
39713,2003-02-17 03:07:36,2006-06-03 19:41:49,Ruediger Pluem,Ruediger Pluem;Bradley Nicholes;Justin Erenkrantz;
8449,2001-09-22 19:18:26,2002-04-25 19:00:20,Joshua Slive,Richard Bowen;
50117,2004-06-04 22:40:47,2010-10-20 19:53:57,Stefan Fritsch,Andre Malo;Stefan Fritsch;
52779,2008-12-21 21:41:52,2012-06-16 22:38:58,Stefan Fritsch,Brian McCallister;Paul Querna;
8464,1999-08-24 06:55:44,2002-05-29 03:27:01,Cliff Woolley,Roy T. Fielding;dgaudet;Jeff Trawick;
8223,2001-08-02 17:25:05,2002-04-25 05:40:15,Justin Erenkrantz,William A. Rowe Jr;
48416,1999-08-24 06:55:44,2009-12-21 23:43:50,Nick Kew,Roy T. Fielding;Andre Malo;
45387,2005-07-18 16:48:25,2014-04-18 17:38:15,Yann Ylavic,Jim Jagielski;William A. Rowe Jr;
15993,2002-05-14 05:36:22,2006-06-22 08:00:40,William A. Rowe Jr,William A. Rowe Jr;
47325,2002-12-15 22:00:55,2010-11-04 22:46:32,Daniel Earl Poirier,Astrid Kessler;
49502,2009-11-30 22:53:43,2010-06-26 18:56:09,Stefan Fritsch,Graham Leggett;
8227,2002-04-04 09:15:44,2002-04-23 22:42:03,Justin Erenkrantz,Sander Striker;
24228,2002-09-22 20:04:12,2003-11-26 02:56:22,Jeff Trawick,Joshua Slive;
34014,1999-08-24 06:55:44,2017-03-18 02:51:02,Eric Covener,Roy T. Fielding;William A. Rowe Jr;
23130,2002-11-25 17:40:23,2003-09-12 19:28:47,Paul J. Reder,Bill Stoddard;
35102,2002-03-07 01:19:40,2007-07-26 08:32:23,Vincent Bray,Richard Bowen;
51214,2003-10-02 11:58:57,2011-05-21 21:06:15,Stefan Fritsch,Jeff Trawick;Nick Kew;
51697,2000-03-13 20:27:29,2011-09-20 20:12:51,Stefan Fritsch,Ian Holsman;Jim Jagielski;Nick Kew;
39944,2001-12-13 00:43:13,2013-02-04 22:46:10,Christophe Jaillet,William A. Rowe Jr;
36438,2001-05-04 21:54:25,2005-09-01 11:58:58,Joe Orton,Jeff Trawick;Ralf S. Engelschall;
58091,2008-04-08 10:47:04,2015-08-15 22:05:08,Christophe Jaillet,Joe Orton;
8234,2001-03-18 02:33:23,2002-04-22 08:08:38,Cliff Woolley,Ryan Bloom;William A. Rowe Jr;
46467,2000-06-12 21:41:58,2009-08-16 20:29:47,Jeff Trawick,Greg Stein;Joe Orton;Ryan Bloom;Jeff Trawick;Chuck Murcko;Paul Querna;
48401,2005-08-23 13:50:47,2009-12-18 16:03:13,Ruediger Pluem,Colm MacCarthaigh;Ruediger Pluem;
25520,2002-08-26 23:23:45,2004-01-17 00:16:45,Jeff Trawick,Ian Holsman;
22259,2002-05-29 06:40:23,2003-08-12 17:46:29,Stas Bekman,Justin Erenkrantz;
39939,2003-03-10 04:36:44,2006-06-30 15:47:55,Nick Kew,Richard Bowen;
50371,2005-04-09 16:59:15,2010-12-01 14:01:57,Igor Galić,Joshua Slive;
50376,2002-02-19 18:15:15,2010-11-30 12:40:38,Eric Covener,Joshua Slive;Andre Malo;Eric Covener;
50375,2002-08-24 18:26:19,2010-11-30 22:09:06,Eric Covener,Joshua Slive;Bradley Nicholes;
54735,1999-08-24 06:46:03,2013-04-05 20:15:15,Stefan Fritsch,Roy T. Fielding;Stefan Fritsch;
37753,2004-08-11 22:52:46,2005-12-03 20:17:11,Ruediger Pluem,William A. Rowe Jr;
54739,2012-12-26 17:32:31,2013-11-28 18:29:46,Gregg Lewis Smith,Gregg Lewis Smith;
52559,2000-06-28 08:55:58,2013-04-27 17:52:03,Graham Leggett,Greg Stein;
16813,1999-08-24 06:46:03,2003-02-17 07:04:50,Justin Erenkrantz,Doug MacEachern;Roy T. Fielding;Greg Stein;Ian Holsman;Ryan Bloom;Ben Hyde;Jeff Trawick;Aaron Bannert;
38848,2001-06-07 00:09:16,2007-06-29 20:54:01,Joe Orton,Greg Stein;Ryan Bloom;
49967,2009-07-29 20:40:09,2010-09-25 19:36:53,Stefan Fritsch,Eric Covener;William A. Rowe Jr;
46214,2002-09-10 00:15:39,2011-08-07 14:07:19,Eric Covener,Stefan Fritsch;Justin Erenkrantz;
48632,2002-08-16 03:49:24,2010-10-30 17:59:37,Daniel Earl Poirier,Joshua Slive;
27951,1999-08-24 06:55:44,2004-04-05 17:55:58,Andre Malo,Roy T. Fielding;Andre Malo;Bill Stoddard;
33382,2004-11-27 08:07:44,2005-02-17 22:53:07,Paul Querna,Justin Erenkrantz;
8482,2001-03-04 06:27:27,2002-10-25 15:18:53,Jeff Trawick,Greg Stein;Ryan Bloom;Brian Pane;
40910,2005-10-12 13:05:59,2006-12-03 21:24:43,Ruediger Pluem,Jim Jagielski;
50381,2003-01-18 20:15:04,2010-12-01 15:25:11,Igor Galić,Astrid Kessler;Igor Galić;Andre Malo;Stefan Fritsch;Richard Bowen;
38838,2002-03-14 23:31:23,2006-03-03 13:11:39,Joe Orton,Doug MacEachern;
50382,2002-02-14 00:48:39,2010-11-30 13:48:55,Eric Covener,Joshua Slive;Andre Malo;
51231,2005-02-11 12:00:41,2011-05-21 20:34:05,Stefan Fritsch,Joe Orton;
25772,2003-07-29 20:58:29,2004-01-12 22:36:32,Andre Malo,Andre Malo;
47782,2000-01-19 01:16:31,2010-11-05 16:31:45,Eric Covener,Brian Havard;Stefan Fritsch;Ryan Bloom;Paul Querna;
36410,1999-11-19 20:22:51,2005-08-30 11:26:45,Colm MacCarthaigh,Ryan Bloom;Jeff Trawick;William A. Rowe Jr;
50388,2007-02-14 01:34:25,2010-11-30 21:43:36,Eric Covener,Colm MacCarthaigh;Richard Bowen;
43183,2005-07-15 17:39:27,2007-09-02 15:10:29,Nick Kew,William A. Rowe Jr;
56924,2013-05-02 14:24:26,2014-09-11 09:18:38,Jan Kaluža,Graham Leggett;
56925,2005-04-11 08:45:15,2015-05-26 07:25:08,Yann Ylavic,Mladen Turk;
39593,2005-08-23 13:50:47,2006-05-17 19:16:43,Ruediger Pluem,Colm MacCarthaigh;
17564,1999-08-24 06:55:44,2003-03-10 23:36:18,Andre Malo,Roy T. Fielding;Doug MacEachern;
44948,2007-03-15 23:29:23,2009-03-24 11:30:47,Ruediger Pluem,Jim Jagielski;
28459,2002-07-11 19:07:03,2004-04-19 20:21:56,Andre Malo,Yoshiki Hayashi;Joshua Slive;
28218,2001-06-09 15:57:06,2004-04-10 13:57:39,Andre Malo,Bill Stoddard;
8493,1999-08-24 06:55:44,2003-08-19 00:36:58,Andre Malo,Roy T. Fielding;Greg Stein;Andre Malo;
43856,2005-03-25 00:24:52,2007-11-14 14:27:20,Andre Malo,Joshua Slive;Richard Bowen;
43857,2010-05-12 19:41:19,2010-10-12 03:55:11,Jeff Trawick,Jeff Trawick;
48061,1999-08-24 05:50:50,2009-10-28 13:25:49,Daniel Earl Poirier,Roy T. Fielding;Ben Laurie;Cliff Woolley;Andre Malo;Ian Holsman;Ryan Bloom;Jeff Trawick;Brian Pane;Paul Querna;
60510,2016-10-04 08:55:08,2016-12-23 12:42:35,Stefan Eissing,Stefan Eissing;
49152,2001-09-22 19:18:26,2010-11-05 14:36:35,Eric Covener,Andre Malo;Richard Bowen;
34901,2001-08-14 18:04:58,2009-10-11 13:38:51,Stefan Fritsch,Stefan Fritsch;Ian Holsman;Ryan Bloom;
19753,1999-08-24 06:46:03,2003-05-19 01:19:55,Andre Malo,Roy T. Fielding;William A. Rowe Jr;Ken Coar;
42993,2002-05-29 10:27:05,2007-08-08 10:39:23,Nick Kew,Nick Kew;Justin Erenkrantz;
21830,2002-12-17 18:34:31,2003-07-23 22:39:24,Joshua Slive,Andre Malo;
44931,1999-08-24 06:46:03,2008-05-11 00:36:27,Roy T. Fielding,Doug MacEachern;Dirk-Willem van Gulik;Cliff Woolley;William A. Rowe Jr;Martin Kraemer;David Reid;Roy T. Fielding;Joe Orton;Ryan Bloom;Colm MacCarthaigh;Jean-Jacques Clar;Jeff Trawick;Brian Pane;Ruediger Pluem;
38014,2004-11-27 08:07:44,2007-09-10 13:17:25,Nick Kew,Justin Erenkrantz;
40573,2002-05-13 21:00:58,2007-01-03 23:03:20,William A. Rowe Jr,William A. Rowe Jr;
29318,2003-11-16 02:09:14,2004-06-01 13:06:10,Joe Orton,Cliff Woolley;
40576,2002-03-07 14:55:10,2006-11-01 13:02:25,Ruediger Pluem,Bill Stoddard;
42757,2004-12-02 17:39:22,2008-01-18 20:49:46,Joe Orton,Jeff Trawick;
57358,2013-05-07 13:42:31,2014-12-17 15:39:15,Ruediger Pluem,Graham Leggett;Yann Ylavic;
29310,2001-03-04 06:27:27,2004-07-14 06:36:42,Paul Querna,Astrid Kessler;Joshua Slive;Ryan Bloom;Ken Coar;
60525,2002-10-03 00:53:48,2017-02-24 19:39:00,Jim Jagielski,Andre Malo;Eric Covener;Jeff Trawick;Ken Coar;Jan Kaluža;
58202,2012-01-17 21:12:19,2015-08-03 15:37:07,Eric Covener,Graham Leggett;
10946,2001-03-04 06:27:27,2002-08-06 16:27:36,William A. Rowe Jr,Ryan Bloom;William A. Rowe Jr;Jeff Trawick;
49388,2003-06-23 20:17:00,2010-09-04 11:24:49,Stefan Fritsch,Jeff Trawick;
38017,2002-09-12 16:56:56,2006-01-10 21:34:11,Ruediger Pluem,Colm MacCarthaigh;Paul J. Reder;
33803,2001-11-27 03:58:41,2007-12-22 20:00:59,William A. Rowe Jr,William A. Rowe Jr;
52900,2011-09-15 19:53:59,2013-04-20 16:23:57,Stefan Fritsch,Stefan Fritsch;
49383,2005-05-17 15:34:43,2010-06-06 19:25:54,Stefan Fritsch,Joe Orton;
48052,2009-04-18 04:38:41,2011-03-25 18:11:52,Roy T. Fielding,Roy T. Fielding;
52904,2005-06-14 09:21:18,2012-03-24 18:01:07,Stefan Fritsch,Nick Kew;Paul Querna;
14276,1999-08-24 06:55:44,2003-01-06 15:20:32,William A. Rowe Jr,Roy T. Fielding;Doug MacEachern;William A. Rowe Jr;Justin Erenkrantz;
39332,1999-11-19 20:22:51,2008-12-27 02:13:47,Nick Kew,Joe Orton;Ryan Bloom;Jeff Trawick;
8037,2001-07-23 18:49:11,2002-04-14 16:57:46,Bill Stoddard,Joshua Slive;Greg Ames;Richard Bowen;
16452,2000-06-28 08:55:58,2003-01-29 05:07:18,Justin Erenkrantz,Greg Stein;
59542,2016-04-15 13:50:46,2016-05-17 08:03:32,Stefan Eissing,Stefan Eissing;
41897,2004-08-11 21:44:23,2007-06-25 14:42:25,Jean-Frederic Clere,William A. Rowe Jr;Paul Querna;Ruediger Pluem;
20957,2004-02-28 18:06:35,2004-06-03 15:00:15,Joe Orton,Joe Orton;
40323,2002-11-14 20:22:50,2006-09-04 11:08:53,Jeff Trawick,Jeff Trawick;
56038,2008-04-04 15:58:15,2014-01-20 21:01:15,Jeff Trawick,Graham Leggett;Paul Querna;
58213,2013-09-25 12:52:35,2015-09-12 15:33:28,Kaspar Brand,Kaspar Brand;Yann Ylavic;
58454,2015-04-07 19:01:16,2015-09-24 16:29:00,Eric Covener,Eric Covener;
14037,2001-10-04 20:28:34,2002-11-14 14:17:11,Jeff Trawick,William A. Rowe Jr;
50735,2010-02-09 03:43:18,2011-02-09 08:03:40,Ruediger Pluem,William A. Rowe Jr;
50979,2002-03-10 04:34:21,2011-03-27 20:26:08,Richard Bowen,Joshua Slive;Richard Bowen;
40310,2006-06-22 07:13:56,2006-08-24 19:53:14,Ruediger Pluem,Jim Jagielski;William A. Rowe Jr;Nick Kew;
49369,2006-07-23 15:50:08,2010-06-01 23:19:21,Nick Kew,Ruediger Pluem;
37145,2005-02-03 16:03:42,2005-10-21 21:50:46,Ruediger Pluem,William A. Rowe Jr;Jeff Trawick;
41887,2002-03-05 20:43:24,2009-12-21 23:26:00,Nick Kew,Ian Holsman;Paul Querna;Aaron Bannert;
56285,2011-10-23 02:05:54,2014-06-01 20:05:44,Nick Kew,Joe Orton;Nick Kew;
44917,2007-11-20 21:36:12,2010-10-30 18:52:11,Daniel Earl Poirier,Jeff Trawick;
41644,2004-01-12 14:08:08,2007-08-30 00:44:24,Nick Kew,Joe Orton;
28204,1999-08-24 06:46:03,2004-07-10 07:18:50,Paul Querna,Roy T. Fielding;Dirk-Willem van Gulik;
43822,2004-11-10 16:11:38,2011-09-21 16:54:18,Kaspar Brand,Joe Orton;
27352,2002-02-19 18:15:15,2005-05-03 19:09:19,Joshua Slive,Joshua Slive;Andre Malo;
10920,2001-10-16 21:29:07,2002-07-30 19:38:11,Jeff Trawick,Ryan Bloom;Bradley Nicholes;
59313,2016-02-05 22:21:40,2016-04-20 11:02:54,Stefan Eissing,Christophe Jaillet;
56287,2011-10-23 02:05:54,2014-04-04 19:59:06,Christophe Jaillet,Nick Kew;
31848,2004-03-05 02:44:40,2004-11-01 22:53:36,Joe Orton,Bradley Nicholes;
47184,2009-06-16 21:57:25,2009-09-15 16:10:21,Nick Kew,Nick Kew;
48272,1999-08-24 06:46:03,2012-04-09 09:35:35,Stefan Fritsch,Roy T. Fielding;Brian Pane;
39311,1999-06-24 01:57:58,2011-10-09 23:10:12,Stefan Fritsch,Greg Ames;Ryan Bloom;Jim Jagielski;Jeff Trawick;Paul Querna;Justin Erenkrantz;
39313,2003-03-01 19:56:43,2010-12-04 22:33:46,Eric Covener,Andre Malo;
29744,1999-08-24 06:55:44,2009-09-09 23:56:29,Graham Leggett,Roy T. Fielding;Graham Leggett;Jeff Trawick;Chuck Murcko;Ruediger Pluem;
44905,2006-11-15 14:12:26,2008-05-19 11:16:07,Jason S. Lingohr,Graham Leggett;
28898,2002-10-14 17:42:45,2004-09-13 13:16:32,Joe Orton,William A. Rowe Jr;Bradley Nicholes;
44901,2006-01-16 19:56:32,2008-07-10 13:27:37,Takashi Sato,Bradley Nicholes;
60794,2016-04-08 08:06:40,2017-03-01 11:35:54,Luca Toscano,Luca Toscano;
29740,2002-12-02 13:36:49,2005-02-03 23:39:21,Justin Erenkrantz,Martin Kraemer;
39799,2007-08-22 20:11:50,2008-05-15 16:58:04,Nick Kew,Vincent Bray;
49113,2008-12-07 06:33:02,2010-04-14 12:00:11,Ruediger Pluem,Paul Querna;
15592,2000-12-05 02:45:50,2003-02-17 01:04:40,Justin Erenkrantz,Sander Striker;Ryan Bloom;
15113,2002-11-25 17:40:23,2002-12-17 15:29:02,Paul J. Reder,Bill Stoddard;
29518,2002-03-07 01:19:40,2004-07-12 18:48:30,Joshua Slive,Erik Abele;Andre Malo;Richard Bowen;
56062,2002-05-29 10:27:05,2014-02-26 15:30:25,Jan Kaluža,Stefan Fritsch;Justin Erenkrantz;
26002,2001-08-16 01:46:50,2004-01-13 00:15:03,Andre Malo,Ken Coar;
38698,2002-03-10 04:34:21,2007-08-02 11:34:22,Tony Stevenson,Joshua Slive;
48496,2002-03-09 18:31:00,2010-10-30 17:56:13,Daniel Earl Poirier,Greg Stein;Joshua Slive;Andre Malo;Joe Orton;Richard Bowen;
30732,2002-08-13 14:27:39,2004-09-15 20:24:19,Andre Malo,Greg Ames;
18623,2002-11-06 02:27:02,2003-04-04 20:55:32,Andre Malo,Astrid Kessler;Andre Malo;
19954,2001-09-20 05:34:50,2004-11-11 19:49:56,Joe Orton,Ian Holsman;Joe Orton;
29964,2004-07-16 18:40:58,2004-08-11 13:19:24,Joe Orton,Bradley Nicholes;
27787,1999-08-24 06:55:44,2004-04-10 17:48:52,Andre Malo,Roy T. Fielding;
47390,2002-09-16 15:41:31,2010-11-01 21:59:49,Daniel Earl Poirier,Andre Malo;
24030,2002-03-30 01:50:10,2003-11-25 12:35:45,Joe Orton,Doug MacEachern;
60577,2003-09-11 14:56:03,2017-02-21 08:20:45,Yann Ylavic,Graham Leggett;Colm MacCarthaigh;Jeff Trawick;Ruediger Pluem;Christophe Jaillet;Paul J. Reder;Yann Ylavic;
57167,2006-02-28 15:49:24,2014-10-31 13:17:38,Eric Covener,Brian Pane;
57168,2000-06-12 21:41:58,2014-10-31 00:07:06,Yann Ylavic,Graham Leggett;Stefan Fritsch;Jeff Trawick;Chuck Murcko;Ruediger Pluem;
36269,2002-02-18 03:53:30,2010-07-31 19:56:51,Stefan Fritsch,Richard Bowen;
29962,2004-11-27 08:07:44,2005-06-07 15:32:10,Joe Orton,Justin Erenkrantz;
59348,2016-03-18 14:24:13,2017-01-27 16:34:36,Stefan Eissing,Stefan Eissing;
46066,2005-06-14 09:21:18,2008-12-17 19:20:50,Paul J. Reder,Paul Querna;
16656,2002-12-27 02:55:05,2003-02-02 15:34:06,Erik Abele,Richard Bowen;
38448,1999-08-24 06:55:44,2006-08-08 23:27:25,Nick Kew,Roy T. Fielding;
48241,2005-02-02 07:10:20,2010-09-27 09:20:40,Graham Leggett,Justin Erenkrantz;
30723,2002-04-04 09:15:44,2004-08-18 11:21:33,Jeff Trawick,Sander Striker;
49328,2002-06-28 08:40:25,2010-06-10 12:52:49,Joe Orton,Justin Erenkrantz;
39761,2005-09-30 15:26:45,2006-06-09 11:15:41,Nick Kew,Nick Kew;
37100,2004-08-11 20:29:46,2005-10-21 13:54:38,Ruediger Pluem,Joe Orton;William A. Rowe Jr;Nick Kew;Jean-Frederic Clere;
16661,1999-08-24 06:55:44,2003-09-23 22:40:23,Cliff Woolley,Roy T. Fielding;Doug MacEachern;
59111,1999-08-24 06:46:03,2016-03-04 00:10:10,Yann Ylavic,Roy T. Fielding;
26467,1999-08-24 06:46:03,2005-05-16 10:41:42,Jeff Trawick,Doug MacEachern;Roy T. Fielding;Greg Stein;Joshua Slive;Bill Stoddard;
58024,2008-05-30 11:49:31,2015-09-11 13:00:53,Yann Ylavic,Chris Darroch;Stefan Fritsch;Joe Orton;Jim Jagielski;Jeff Trawick;Jean-Frederic Clere;
27313,2001-07-11 14:48:23,2004-03-06 14:50:55,Joe Orton,Greg Ames;Jeff Trawick;
58020,2001-05-04 21:54:25,2015-08-02 07:30:45,Kaspar Brand,Kaspar Brand;Joe Orton;Ralf S. Engelschall;Stefan Sperling;
40756,2001-04-04 18:47:42,2007-08-31 10:13:59,Nick Kew,Graham Leggett;
27550,2000-04-30 18:27:18,2005-02-11 14:08:24,Joe Orton,Roy T. Fielding;Brian Havard;Sascha Schumann;Andre Malo;Joe Orton;William A. Rowe Jr;
29732,2002-05-23 14:38:48,2004-07-12 18:41:24,Joshua Slive,Joshua Slive;Andre Malo;
26462,1999-08-24 06:55:44,2004-04-10 20:23:51,Andre Malo,Roy T. Fielding;Andre Malo;
52964,2008-12-01 05:12:22,2013-01-28 20:57:10,Christophe Jaillet,Paul Querna;
48474,2008-12-26 21:41:48,2010-11-05 04:11:39,Eric Covener,Andre Malo;
47383,2005-07-15 17:39:27,2009-06-17 15:21:21,Nick Kew,William A. Rowe Jr;
50307,2002-09-29 00:11:28,2010-11-20 21:45:50,Igor Galić,Erik Abele;Igor Galić;Andre Malo;Richard Bowen;Vincent Deffontaines;
